일련번호,상호명,도로명주소,전화번호,위도,경도,단지명,전용면적(㎡),계약년월,거래금액(만원),층,건축년도
1,,인천광역시 연수구 동춘동 먼우금로 69,,37.4056486,126.66889,대동,75.255,202212,"25,000",4,1994
2,,인천광역시 연수구 동춘동 동곡재로117번길 22,,37.4124024,126.667561,대우3,134.025,202209,"36,200",1,1993
3,,인천광역시 연수구 동춘동 먼우금로 19,,37.4013122,126.667983,동남,52.14,202209,"26,700",5,1994
4,,인천광역시 연수구 동춘동 먼우금로 19,,37.4013122,126.667983,동남,52.14,202209,"25,000",11,1994
5,,인천광역시 연수구 동춘동 먼우금로 19,,37.4013122,126.667983,동남,52.14,202210,"27,800",5,1994
6,,인천광역시 연수구 동춘동 먼우금로 19,,37.4013122,126.667983,동남,52.14,202211,"23,000",5,1994
7,,인천광역시 연수구 동춘동 먼우금로 19,,37.4013122,126.667983,동남,52.14,202211,"21,000",3,1994
8,,인천광역시 연수구 동춘동 먼우금로 19,,37.4013122,126.667983,동남,52.14,202212,"19,800",5,1994
9,,인천광역시 연수구 동춘동 먼우금로 19,,37.4013122,126.667983,동남,52.14,202212,"21,000",13,1994
10,,인천광역시 연수구 동춘동 먼우금로 123,,37.411229,126.670029,동춘마을,59.3,202210,"32,000",3,1994
11,,인천광역시 연수구 동춘동 먼우금로 123,,37.411229,126.670029,동춘마을,59.3,202210,"28,500",2,1994
12,,인천광역시 연수구 동춘동 먼우금로 123,,37.411229,126.670029,동춘마을,59.36,202211,"34,000",2,1994
13,,인천광역시 연수구 동춘동 먼우금로 123,,37.411229,126.670029,동춘마을,59.3,202211,"34,000",1,1994
14,,인천광역시 연수구 동춘동 먼우금로 123,,37.411229,126.670029,동춘마을,59.36,202212,"26,000",2,1994
15,,인천광역시 연수구 동춘동 원인재로 81,,37.4073525,126.675727,래미안,95.76,202211,"35,500",3,1993
16,,인천광역시 연수구 동춘동 원인재로 81,,37.4073525,126.675727,래미안,95.76,202211,"38,500",5,1993
17,,인천광역시 연수구 동춘동 원인재로 81,,37.4073525,126.675727,래미안,95.76,202211,"40,500",13,1993
18,,인천광역시 연수구 동춘동 원인재로 14,,37.4015101,126.671099,무지개마을,84.965,202209,"42,500",10,1995
19,,인천광역시 연수구 동춘동 원인재로 14,,37.4015101,126.671099,무지개마을,84.965,202209,"40,500",1,1995
20,,인천광역시 연수구 동춘동 원인재로 14,,37.4015101,126.671099,무지개마을,84.965,202209,"40,000",7,1995
21,,인천광역시 연수구 동춘동 능허대로 343,,37.4068611,126.664355,송도파크레인동일하이빌,84.9044,202209,"59,000",16,2019
22,,인천광역시 연수구 동춘동 능허대로 343,,37.4068611,126.664355,송도파크레인동일하이빌,74.2443,202209,"47,000",30,2019
23,,인천광역시 연수구 동춘동 능허대로 343,,37.4068611,126.664355,송도파크레인동일하이빌,84.9948,202209,"55,000",16,2019
24,,인천광역시 연수구 동춘동 능허대로 343,,37.4068611,126.664355,송도파크레인동일하이빌,84.9948,202209,"55,000",29,2019
25,,인천광역시 연수구 동춘동 능허대로 343,,37.4068611,126.664355,송도파크레인동일하이빌,74.2443,202212,"46,500",25,2019
26,,인천광역시 연수구 동춘동 앵고개로104번길 22,,37.4068611,126.664355,송도파크자이,84.8904,202209,"77,000",7,2019
27,,인천광역시 연수구 동춘동 앵고개로104번길 22,,37.4068611,126.664355,송도파크자이,76.7563,202209,"54,500",5,2019
28,,인천광역시 연수구 동춘동 앵고개로104번길 22,,37.4068611,126.664355,송도파크자이,84.8904,202209,"55,000",24,2019
29,,인천광역시 연수구 동춘동 앵고개로104번길 22,,37.4068611,126.664355,송도파크자이,101.951,202210,"74,000",12,2019
30,,인천광역시 연수구 동춘동 앵고개로104번길 22,,37.4068611,126.664355,송도파크자이,76.7563,202210,"54,000",14,2019
31,,인천광역시 연수구 동춘동 앵고개로104번길 22,,37.4068611,126.664355,송도파크자이,84.8904,202211,"52,000",3,2019
32,,인천광역시 연수구 동춘동 앵고개로104번길 22,,37.4068611,126.664355,송도파크자이,76.9835,202212,"44,500",7,2019
33,,인천광역시 연수구 동춘동 먼우금로63번길 13,,37.4038907,126.668559,아주,84.78,202210,"33,500",3,1994
34,,인천광역시 연수구 동춘동 먼우금로63번길 13,,37.4038907,126.668559,아주,84.78,202212,"25,500",4,1994
35,,인천광역시 연수구 동춘동 원인재로 88,,37.4058651,126.678726,연수대우.삼환,102,202211,"43,500",3,1994
36,,인천광역시 연수구 동춘동 봉재산로 20,,37.409871,126.664522,연수서해그랑블1단지,84.95,202209,"63,000",16,2017
37,,인천광역시 연수구 동춘동 봉재산로 20,,37.409871,126.664522,연수서해그랑블1단지,70.77,202210,"40,000",7,2017
38,,인천광역시 연수구 동춘동 봉재산로 20,,37.409871,126.664522,연수서해그랑블1단지,84.98,202211,"47,000",6,2017
39,,인천광역시 연수구 동춘동 봉재산로 20,,37.409871,126.664522,연수서해그랑블1단지,70.77,202212,"42,000",11,2017
40,,인천광역시 연수구 동춘동 청능대로 124,,37.4107504,126.67613,"연수타운(금호,동아)",101.97,202210,"42,000",3,1993
41,,인천광역시 연수구 동춘동 청능대로 124,,37.4107504,126.67613,"연수타운(금호,동아)",101.97,202212,"40,000",6,1993
42,,인천광역시 연수구 동춘동 원인재로 81,,37.4073525,126.675727,자이(xi),95.55,202210,"38,800",12,1993
43,,인천광역시 연수구 동춘동 앵고개로206번길 10,,37.4106973,126.666767,태평1,109.1,202210,"40,000",2,1992
44,,인천광역시 연수구 동춘동 청능대로 38,,37.4170054,126.670342,태평2,59.885,202210,"28,000",4,1995
45,,인천광역시 연수구 동춘동 청능대로 38,,37.4170054,126.670342,태평2,59.885,202210,"22,500",2,1995
46,,인천광역시 연수구 동춘동 경원대로119번길 21,,37.400607,126.673565,풍림2,84.22,202209,"40,000",10,1993
47,,인천광역시 연수구 동춘동 원인재로 124,,37.408132,126.680716,한양1,88.86,202211,"39,000",18,1994
48,,인천광역시 연수구 동춘동 원인재로 59,,37.4054154,126.672505,한양2,84.97,202210,"41,000",5,1994
49,,인천광역시 연수구 동춘동 원인재로 59,,37.4054154,126.672505,한양2,84.97,202212,"45,000",1,1994
50,,인천광역시 연수구 동춘동 먼우금로 126,,37.4087429,126.673496,현대,133.808,202211,"59,500",8,1993
51,,인천광역시 연수구 동춘동 원인재로 56,,37.4033088,126.676377,현대1,84.97,202211,"44,000",6,1993
52,,인천광역시 연수구 동춘동 원인재로 56,,37.4033088,126.676377,현대1,84.97,202212,"43,500",5,1993
53,,인천광역시 연수구 선학동 선학로 100,,37.4267707,126.700046,금호타운,84.9,202211,"43,000",12,1992
54,,인천광역시 연수구 선학동 선학로74번길 17,,37.4249022,126.702245,대동,84.06,202209,"29,000",2,1992
55,,인천광역시 연수구 선학동 선학로74번길 17,,37.4249022,126.702245,대동,84.4,202210,"30,000",1,1992
56,,인천광역시 연수구 선학동 선학로74번길 17,,37.4249022,126.702245,대동,84.06,202211,"31,000",7,1992
57,,인천광역시 연수구 선학동 선학로74번길 17,,37.4249022,126.702245,대동,84.4,202211,"20,500",5,1992
58,,인천광역시 연수구 선학동 선학로74번길 17,,37.4249022,126.702245,대동,84.4,202211,"23,500",8,1992
59,,인천광역시 연수구 선학동 선학로 90,,37.4249022,126.702245,아주,84.4,202209,"32,000",3,1992
60,,인천광역시 연수구 선학동 넘말로79번길 45,,37.430021,126.695627,윤성,59.86,202210,"22,000",2,1995
61,,인천광역시 연수구 선학동 넘말로79번길 45,,37.430021,126.695627,윤성,84.93,202210,"35,800",11,1995
62,,인천광역시 연수구 선학동 선학로 37,,37.4217231,126.699298,"태산,대진.정광아파트",84.69,202210,"34,700",2,1991
63,,인천광역시 연수구 선학동 넘말로47번길 36,,37.4215845,126.697943,희영무지개2,59.85,202211,"25,500",8,1995
64,,인천광역시 연수구 송도동 랜드마크로 113,,37.4227167,126.700277,e편한세상송도,70.2331,202209,"56,000",34,2018
65,,인천광역시 연수구 송도동 랜드마크로 113,,37.4209304,126.699358,e편한세상송도,70.3826,202209,"58,000",31,2018
66,,인천광역시 연수구 송도동 랜드마크로 113,,37.4289113,126.695055,e편한세상송도,70.5618,202209,"57,500",14,2018
67,,인천광역시 연수구 송도동 랜드마크로 113,,37.4114564,126.617142,e편한세상송도,84.4163,202209,"80,000",38,2018
68,,인천광역시 연수구 송도동 랜드마크로 113,,37.4114564,126.617142,e편한세상송도,84.4163,202209,"72,000",4,2018
69,,인천광역시 연수구 송도동 랜드마크로 113,,37.4114564,126.617142,e편한세상송도,84.4163,202209,"68,500",25,2018
70,,인천광역시 연수구 송도동 랜드마크로 113,,37.4114564,126.617142,e편한세상송도,84.4163,202209,"81,000",39,2018
71,,인천광역시 연수구 송도동 랜드마크로 113,,37.4114564,126.617142,e편한세상송도,84.4163,202209,"75,000",25,2018
72,,인천광역시 연수구 송도동 랜드마크로 113,,37.4114564,126.617142,e편한세상송도,70.2331,202210,"56,000",25,2018
73,,인천광역시 연수구 송도동 랜드마크로 113,,37.4114564,126.617142,e편한세상송도,70.5618,202210,"55,000",11,2018
74,,인천광역시 연수구 송도동 랜드마크로 113,,37.4114564,126.617142,e편한세상송도,70.5618,202210,"57,000",34,2018
75,,인천광역시 연수구 송도동 랜드마크로 113,,37.4114564,126.617142,e편한세상송도,70.2331,202210,"51,000",16,2018
76,,인천광역시 연수구 송도동 랜드마크로 113,,37.4114564,126.617142,e편한세상송도,84.4163,202210,"63,000",20,2018
77,,인천광역시 연수구 송도동 랜드마크로 113,,37.4114564,126.617142,e편한세상송도,70.5618,202210,"50,800",10,2018
78,,인천광역시 연수구 송도동 랜드마크로 113,,37.4114564,126.617142,e편한세상송도,70.5618,202210,"53,000",39,2018
79,,인천광역시 연수구 송도동 랜드마크로 113,,37.4114564,126.617142,e편한세상송도,84.4163,202211,"65,000",27,2018
80,,인천광역시 연수구 송도동 랜드마크로 113,,37.4114564,126.617142,e편한세상송도,84.4163,202211,"66,000",4,2018
81,,인천광역시 연수구 송도동 랜드마크로 113,,37.4114564,126.617142,e편한세상송도,84.4163,202211,"72,000",23,2018
82,,인천광역시 연수구 송도동 랜드마크로 113,,37.4114564,126.617142,e편한세상송도,70.3826,202211,"50,000",17,2018
83,,인천광역시 연수구 송도동 랜드마크로 113,,37.4114564,126.617142,e편한세상송도,70.5618,202211,"48,000",28,2018
84,,인천광역시 연수구 송도동 랜드마크로 113,,37.4114564,126.617142,e편한세상송도,70.2331,202211,"49,000",12,2018
85,,인천광역시 연수구 송도동 랜드마크로 113,,37.4114564,126.617142,e편한세상송도,70.5618,202211,"50,500",27,2018
86,,인천광역시 연수구 송도동 랜드마크로 113,,37.4114564,126.617142,e편한세상송도,70.2331,202212,"50,800",29,2018
87,,인천광역시 연수구 송도동 랜드마크로 113,,37.4114564,126.617142,e편한세상송도,70.5618,202212,"47,000",5,2018
88,,인천광역시 연수구 송도동 랜드마크로 113,,37.4114564,126.617142,e편한세상송도,84.4163,202212,"65,500",24,2018
89,,인천광역시 연수구 송도동 랜드마크로 113,,37.4114564,126.617142,e편한세상송도,84.4163,202212,"57,000",2,2018
90,,인천광역시 연수구 송도동 랜드마크로 113,,37.4114564,126.617142,e편한세상송도,70.5618,202212,"49,000",31,2018
91,,인천광역시 연수구 송도동 랜드마크로 113,,37.4114564,126.617142,e편한세상송도,70.2331,202212,"46,000",1,2018
92,,인천광역시 연수구 송도동 랜드마크로 113,,37.4114564,126.617142,e편한세상송도,70.2331,202212,"45,000",5,2018
93,,인천광역시 연수구 송도동 랜드마크로 113,,37.4114564,126.617142,e편한세상송도,84.4163,202212,"58,000",7,2018
94,,인천광역시 연수구 송도동 랜드마크로 113,,37.4114564,126.617142,e편한세상송도,70.5618,202212,"48,000",37,2018
95,,인천광역시 연수구 송도동 랜드마크로 113,,37.4114564,126.617142,e편한세상송도,84.4163,202212,"62,500",8,2018
96,,인천광역시 연수구 송도동 랜드마크로 113,,37.4114564,126.617142,e편한세상송도,84.4163,202212,"60,000",33,2018
97,,인천광역시 연수구 송도동 송도문화로28번길 28,,37.4114564,126.617142,글로벌캠퍼스푸르지오,134.96,202209,"150,000",18,2013
98,,인천광역시 연수구 송도동 송도문화로28번길 28,,37.4114564,126.617142,글로벌캠퍼스푸르지오,115.98,202209,"100,000",19,2013
99,,인천광역시 연수구 송도동 송도문화로28번길 28,,37.4114564,126.617142,글로벌캠퍼스푸르지오,101.99,202210,"75,000",26,2013
100,,인천광역시 연수구 송도동 송도문화로28번길 81,,37.3766737,126.65381,더샵그린스퀘어,84.8669,202209,"69,500",19,2014
101,,인천광역시 연수구 송도동 송도문화로28번길 81,,37.3766737,126.65381,더샵그린스퀘어,84.5317,202211,"60,000",31,2014
102,,인천광역시 연수구 송도동 송도문화로28번길 81,,37.3766737,126.65381,더샵그린스퀘어,98.2428,202211,"68,000",38,2014
103,,인천광역시 연수구 송도동 송도문화로28번길 81,,37.371617,126.653144,더샵그린스퀘어,84.5317,202211,"61,000",11,2014
104,,인천광역시 연수구 송도동 송도문화로28번길 81,,37.371617,126.653144,더샵그린스퀘어,84.8669,202211,"68,000",29,2014
105,,인천광역시 연수구 송도동 아트센터대로97번길 30,,37.371617,126.653144,더샵그린워크1차,84.3408,202209,"73,000",10,2014
106,,인천광역시 연수구 송도동 아트센터대로97번길 30,,37.371617,126.653144,더샵그린워크1차,84.8682,202209,"68,000",6,2014
107,,인천광역시 연수구 송도동 아트센터대로97번길 30,,37.371617,126.653144,더샵그린워크1차,84.8682,202209,"69,000",6,2014
108,,인천광역시 연수구 송도동 아트센터대로97번길 30,,37.3989098,126.641476,더샵그린워크1차,84.3408,202209,"68,000",3,2014
109,,인천광역시 연수구 송도동 아트센터대로97번길 30,,37.3989098,126.641476,더샵그린워크1차,84.3408,202210,"68,000",14,2014
110,,인천광역시 연수구 송도동 아트센터대로97번길 30,,37.3989098,126.641476,더샵그린워크1차,101.9294,202210,"80,000",21,2014
111,,인천광역시 연수구 송도동 아트센터대로97번길 30,,37.3989098,126.641476,더샵그린워크1차,84.3408,202210,"67,000",20,2014
112,,인천광역시 연수구 송도동 아트센터대로97번길 30,,37.3989098,126.641476,더샵그린워크1차,84.8682,202211,"69,000",23,2014
113,,인천광역시 연수구 송도동 아트센터대로97번길 30,,37.3989098,126.641476,더샵그린워크1차,84.8682,202211,"69,000",23,2014
114,,인천광역시 연수구 송도동 아트센터대로97번길 30,,37.3989098,126.641476,더샵그린워크1차,84.3408,202211,"68,000",7,2014
115,,인천광역시 연수구 송도동 아트센터대로97번길 30,,37.3989098,126.641476,더샵그린워크1차,84.3408,202212,"64,000",2,2014
116,,인천광역시 연수구 송도동 아트센터대로97번길 15,,37.3989098,126.641476,더샵그린워크2차,84.3408,202210,"67,500",9,2014
117,,인천광역시 연수구 송도동 아트센터대로97번길 15,,37.3989098,126.641476,더샵그린워크2차,84.3408,202211,"69,000",23,2014
118,,인천광역시 연수구 송도동 아트센터대로97번길 15,,37.3989098,126.641476,더샵그린워크2차,99.9837,202211,"78,500",23,2014
119,,인천광역시 연수구 송도동 센트럴로 232,,37.4014868,126.641486,더샵센트럴파크1,96.318,202210,"83,000",38,2010
120,,인천광역시 연수구 송도동 센트럴로 232,,37.4014868,126.641486,더샵센트럴파크1,106.9262,202211,"105,000",26,2010
121,,인천광역시 연수구 송도동 센트럴로 194,,37.4014868,126.641486,더샵센트럴파크2,104.7392,202212,"100,000",10,2011
122,,인천광역시 연수구 송도동 랜드마크로 160,,37.3967178,126.637681,더샵송도마리나베이,84.2262,202209,"83,500",34,2020
123,,인천광역시 연수구 송도동 랜드마크로 160,,37.3967178,126.637681,더샵송도마리나베이,84.916,202209,"90,000",9,2020
124,,인천광역시 연수구 송도동 랜드마크로 160,,37.3945115,126.641011,더샵송도마리나베이,84.202,202209,"66,000",23,2020
125,,인천광역시 연수구 송도동 랜드마크로 160,,37.4125196,126.611624,더샵송도마리나베이,84.7583,202209,"90,000",10,2020
126,,인천광역시 연수구 송도동 랜드마크로 160,,37.4125196,126.611624,더샵송도마리나베이,84.9738,202209,"79,000",30,2020
127,,인천광역시 연수구 송도동 랜드마크로 160,,37.4125196,126.611624,더샵송도마리나베이,84.916,202209,"66,000",14,2020
128,,인천광역시 연수구 송도동 랜드마크로 160,,37.4125196,126.611624,더샵송도마리나베이,84.916,202211,"75,000",19,2020
129,,인천광역시 연수구 송도동 랜드마크로 160,,37.4125196,126.611624,더샵송도마리나베이,84.9738,202211,"86,000",27,2020
130,,인천광역시 연수구 송도동 랜드마크로 160,,37.4125196,126.611624,더샵송도마리나베이,84.9738,202211,"60,000",25,2020
131,,인천광역시 연수구 송도동 랜드마크로 160,,37.4125196,126.611624,더샵송도마리나베이,84.9738,202211,"72,000",35,2020
132,,인천광역시 연수구 송도동 랜드마크로 160,,37.4125196,126.611624,더샵송도마리나베이,84.4546,202211,"60,000",12,2020
133,,인천광역시 연수구 송도동 랜드마크로 160,,37.4125196,126.611624,더샵송도마리나베이,84.9738,202211,"67,350",11,2020
134,,인천광역시 연수구 송도동 랜드마크로 160,,37.4125196,126.611624,더샵송도마리나베이,74.9894,202212,"55,000",27,2020
135,,인천광역시 연수구 송도동 랜드마크로 160,,37.4125196,126.611624,더샵송도마리나베이,84.916,202212,"66,000",36,2020
136,,인천광역시 연수구 송도동 랜드마크로 160,,37.4125196,126.611624,더샵송도마리나베이,84.7583,202212,"65,000",17,2020
137,,인천광역시 연수구 송도동 컨벤시아대로42번길 95,,37.4125196,126.611624,더샵엑스포10단지,84.9871,202211,"68,000",3,2009
138,,인천광역시 연수구 송도동 컨벤시아대로42번길 96,,37.4125196,126.611624,더샵엑스포6단지,99.3121,202211,"65,000",12,2009
139,,인천광역시 연수구 송도동 컨벤시아대로42번길 77,,37.4125196,126.611624,더샵엑스포9단지,113.7554,202211,"95,000",21,2009
140,,인천광역시 연수구 송도동 컨벤시아대로42번길 77,,37.4030597,126.643173,더샵엑스포9단지,126.4763,202211,"100,000",24,2009
141,,인천광역시 연수구 송도동 컨벤시아대로42번길 77,,37.4045954,126.644498,더샵엑스포9단지,99.3121,202212,"67,500",12,2009
142,,인천광역시 연수구 송도동 랜드마크로 68,,37.4019022,126.644771,랜드마크시티센트럴더샵,84.9999,202209,"65,000",7,2020
143,,인천광역시 연수구 송도동 랜드마크로 68,,37.4019022,126.644771,랜드마크시티센트럴더샵,84.9999,202210,"67,000",35,2020
144,,인천광역시 연수구 송도동 랜드마크로 68,,37.4019022,126.644771,랜드마크시티센트럴더샵,84.9999,202210,"69,000",38,2020
145,,인천광역시 연수구 송도동 랜드마크로 68,,37.4155182,126.619369,랜드마크시티센트럴더샵,84.9999,202211,"62,500",28,2020
146,,인천광역시 연수구 송도동 랜드마크로 68,,37.4155182,126.619369,랜드마크시티센트럴더샵,84.9999,202211,"63,000",11,2020
147,,인천광역시 연수구 송도동 랜드마크로 68,,37.4155182,126.619369,랜드마크시티센트럴더샵,84.9999,202211,"61,000",10,2020
148,,인천광역시 연수구 송도동 랜드마크로 68,,37.4155182,126.619369,랜드마크시티센트럴더샵,84.9999,202211,"62,000",24,2020
149,,인천광역시 연수구 송도동 랜드마크로 68,,37.4155182,126.619369,랜드마크시티센트럴더샵,84.9999,202211,"60,000",44,2020
150,,인천광역시 연수구 송도동 랜드마크로 68,,37.4155182,126.619369,랜드마크시티센트럴더샵,84.9999,202211,"59,000",9,2020
151,,인천광역시 연수구 송도동 송도과학로27번길 70,,37.4155182,126.619369,롯데캐슬,110.253,202209,"71,000",10,2012
152,,인천광역시 연수구 송도동 송도과학로27번길 70,,37.4155182,126.619369,롯데캐슬,84.9966,202212,"60,000",13,2012
153,,인천광역시 연수구 송도동 송도과학로27번길 55,,37.4155182,126.619369,롯데캐슬캠퍼스타운,59.8604,202210,"57,000",34,2016
154,,인천광역시 연수구 송도동 송도과학로27번길 55,,37.3870116,126.667459,롯데캐슬캠퍼스타운,59.8604,202211,"57,000",34,2016
155,,인천광역시 연수구 송도동 송도과학로27번길 55,,37.3870116,126.667459,롯데캐슬캠퍼스타운,84.578,202212,"65,000",29,2016
156,,인천광역시 연수구 송도동 송도과학로27번길 55,,37.3880049,126.665049,롯데캐슬캠퍼스타운,84.578,202212,"65,000",29,2016
157,,인천광역시 연수구 송도동 송도문화로84번길 84,,37.3880049,126.665049,베르디움더퍼스트,74.9413,202209,"64,000",9,2017
158,,인천광역시 연수구 송도동 송도문화로84번길 84,,37.3880049,126.665049,베르디움더퍼스트,84.9572,202210,"60,000",2,2017
159,,인천광역시 연수구 송도동 송도문화로84번길 84,,37.3880049,126.665049,베르디움더퍼스트,63.9487,202210,"50,000",5,2017
160,,인천광역시 연수구 송도동 송도문화로84번길 84,,37.3702011,126.65577,베르디움더퍼스트,63.9487,202211,"49,500",26,2017
161,,인천광역시 연수구 송도동 송도문화로84번길 84,,37.3702011,126.65577,베르디움더퍼스트,74.5812,202211,"55,000",2,2017
162,,인천광역시 연수구 송도동 송도문화로84번길 84,,37.3702011,126.65577,베르디움더퍼스트,84.8153,202211,"63,000",28,2017
163,,인천광역시 연수구 송도동 송도문화로84번길 84,,37.3702011,126.65577,베르디움더퍼스트,84.9572,202211,"59,500",9,2017
164,,인천광역시 연수구 송도동 송도문화로84번길 84,,37.3702011,126.65577,베르디움더퍼스트,74.9413,202211,"57,000",25,2017
165,,인천광역시 연수구 송도동 송도문화로84번길 84,,37.3702011,126.65577,베르디움더퍼스트,63.9487,202211,"49,000",14,2017
166,,인천광역시 연수구 송도동 송도문화로84번길 84,,37.3702011,126.65577,베르디움더퍼스트,113.8722,202212,"90,000",13,2017
167,,인천광역시 연수구 송도동 송도문화로84번길 84,,37.3702011,126.65577,베르디움더퍼스트,63.9487,202212,"50,500",18,2017
168,,인천광역시 연수구 송도동 송도문화로84번길 84,,37.3702011,126.65577,베르디움더퍼스트,113.8722,202212,"84,500",14,2017
169,,인천광역시 연수구 송도동 송도문화로84번길 84,,37.3702011,126.65577,베르디움더퍼스트,84.8153,202212,"55,000",2,2017
170,,인천광역시 연수구 송도동 신송로6번길 7,,37.3702011,126.65577,성지리벨루스,84.586,202210,"47,000",1,2006
171,,인천광역시 연수구 송도동 신송로6번길 7,,37.3702011,126.65577,성지리벨루스,84.914,202210,"48,000",1,2006
172,,인천광역시 연수구 송도동 신송로6번길 7,,37.3702011,126.65577,성지리벨루스,84.586,202211,"48,500",9,2006
173,,인천광역시 연수구 송도동 신송로6번길 7,,37.390644,126.661593,성지리벨루스,84.586,202212,"47,500",4,2006
174,,인천광역시 연수구 송도동 신송로6번길 7,,37.390644,126.661593,성지리벨루스,84.586,202212,"47,500",4,2006
175,,인천광역시 연수구 송도동 신송로6번길 7,,37.390644,126.661593,성지리벨루스,84.586,202212,"48,000",13,2006
176,,인천광역시 연수구 송도동 랜드마크로 19,,37.390644,126.661593,송도SKVIEW,84.6541,202209,"73,000",42,2019
177,,인천광역시 연수구 송도동 랜드마크로 19,,37.390644,126.661593,송도SKVIEW,84.9753,202209,"75,000",36,2019
178,,인천광역시 연수구 송도동 랜드마크로 19,,37.390644,126.661593,송도SKVIEW,75.618,202209,"61,000",28,2019
179,,인천광역시 연수구 송도동 랜드마크로 19,,37.4131355,126.626543,송도SKVIEW,84.6541,202209,"68,000",6,2019
180,,인천광역시 연수구 송도동 랜드마크로 19,,37.4131355,126.626543,송도SKVIEW,84.9753,202209,"73,800",13,2019
181,,인천광역시 연수구 송도동 랜드마크로 19,,37.4131355,126.626543,송도SKVIEW,84.6541,202210,"74,000",33,2019
182,,인천광역시 연수구 송도동 랜드마크로 19,,37.4131355,126.626543,송도SKVIEW,84.6541,202210,"70,500",13,2019
183,,인천광역시 연수구 송도동 랜드마크로 19,,37.4131355,126.626543,송도SKVIEW,99.9891,202210,"75,000",1,2019
184,,인천광역시 연수구 송도동 랜드마크로 19,,37.4131355,126.626543,송도SKVIEW,84.9753,202210,"67,000",35,2019
185,,인천광역시 연수구 송도동 랜드마크로 19,,37.4131355,126.626543,송도SKVIEW,84.9753,202211,"59,500",31,2019
186,,인천광역시 연수구 송도동 랜드마크로 19,,37.4131355,126.626543,송도SKVIEW,84.6932,202211,"62,000",19,2019
187,,인천광역시 연수구 송도동 랜드마크로 19,,37.4131355,126.626543,송도SKVIEW,84.9753,202211,"63,000",31,2019
188,,인천광역시 연수구 송도동 랜드마크로 19,,37.4131355,126.626543,송도SKVIEW,84.6932,202211,"62,000",19,2019
189,,인천광역시 연수구 송도동 랜드마크로 19,,37.4131355,126.626543,송도SKVIEW,84.6541,202211,"63,700",42,2019
190,,인천광역시 연수구 송도동 랜드마크로 19,,37.4131355,126.626543,송도SKVIEW,84.6541,202211,"56,500",6,2019
191,,인천광역시 연수구 송도동 랜드마크로 19,,37.4131355,126.626543,송도SKVIEW,84.6932,202211,"65,000",17,2019
192,,인천광역시 연수구 송도동 랜드마크로 19,,37.4131355,126.626543,송도SKVIEW,84.9753,202211,"60,000",28,2019
193,,인천광역시 연수구 송도동 랜드마크로 19,,37.4131355,126.626543,송도SKVIEW,84.6541,202211,"63,700",37,2019
194,,인천광역시 연수구 송도동 랜드마크로 19,,37.4131355,126.626543,송도SKVIEW,84.6541,202212,"52,700",39,2019
195,,인천광역시 연수구 송도동 랜드마크로 19,,37.4131355,126.626543,송도SKVIEW,84.6541,202212,"65,000",21,2019
196,,인천광역시 연수구 송도동 랜드마크로 19,,37.4131355,126.626543,송도SKVIEW,84.6541,202212,"65,000",11,2019
197,,인천광역시 연수구 송도동 하모니로188번길 17,,37.4131355,126.626543,송도SK뷰센트럴,84.6566,202211,"69,000",9,2020
198,,인천광역시 연수구 송도동 송도문화로28번길 27,,37.4131355,126.626543,송도글로벌파크베르디움,74.9533,202209,"73,500",29,2017
199,,인천광역시 연수구 송도동 송도문화로28번길 27,,37.4131355,126.626543,송도글로벌파크베르디움,63.9721,202209,"60,000",17,2017
200,,인천광역시 연수구 송도동 송도문화로28번길 27,,37.3819191,126.639299,송도글로벌파크베르디움,84.9359,202209,"77,000",18,2017
201,,인천광역시 연수구 송도동 송도문화로28번길 27,,37.3754916,126.656299,송도글로벌파크베르디움,84.9599,202209,"75,000",9,2017
202,,인천광역시 연수구 송도동 송도문화로28번길 27,,37.3754916,126.656299,송도글로벌파크베르디움,63.9721,202209,"60,000",12,2017
203,,인천광역시 연수구 송도동 송도문화로28번길 27,,37.3754916,126.656299,송도글로벌파크베르디움,63.9721,202210,"61,000",11,2017
204,,인천광역시 연수구 송도동 송도문화로28번길 27,,37.3754916,126.656299,송도글로벌파크베르디움,84.9359,202210,"74,000",15,2017
205,,인천광역시 연수구 송도동 송도문화로28번길 27,,37.3754916,126.656299,송도글로벌파크베르디움,63.9721,202210,"70,000",3,2017
206,,인천광역시 연수구 송도동 송도문화로28번길 27,,37.3754916,126.656299,송도글로벌파크베르디움,74.9307,202210,"64,500",20,2017
207,,인천광역시 연수구 송도동 송도문화로28번길 27,,37.3754916,126.656299,송도글로벌파크베르디움,84.9359,202210,"79,000",27,2017
208,,인천광역시 연수구 송도동 송도문화로28번길 27,,37.3754916,126.656299,송도글로벌파크베르디움,74.9307,202210,"62,500",19,2017
209,,인천광역시 연수구 송도동 송도문화로28번길 27,,37.3754916,126.656299,송도글로벌파크베르디움,84.9359,202211,"71,000",26,2017
210,,인천광역시 연수구 송도동 송도문화로28번길 27,,37.3754916,126.656299,송도글로벌파크베르디움,63.9721,202211,"60,300",27,2017
211,,인천광역시 연수구 송도동 송도문화로28번길 27,,37.3754916,126.656299,송도글로벌파크베르디움,84.9599,202211,"89,500",12,2017
212,,인천광역시 연수구 송도동 송도문화로28번길 27,,37.3754916,126.656299,송도글로벌파크베르디움,84.8939,202211,"69,000",16,2017
213,,인천광역시 연수구 송도동 송도문화로28번길 27,,37.3754916,126.656299,송도글로벌파크베르디움,74.9307,202211,"65,000",33,2017
214,,인천광역시 연수구 송도동 송도문화로28번길 27,,37.3754916,126.656299,송도글로벌파크베르디움,63.9721,202212,"61,000",30,2017
215,,인천광역시 연수구 송도동 송도문화로28번길 27,,37.3754916,126.656299,송도글로벌파크베르디움,63.9721,202212,"58,000",3,2017
216,,인천광역시 연수구 송도동 해돋이로84번길 30,,37.3754916,126.656299,송도금호어울림,148.97,202211,"63,500",7,2005
217,,인천광역시 연수구 송도동 컨벤시아대로42번길 35,,37.3754916,126.656299,송도더샵그린애비뉴7단지,101.9444,202211,"77,000",20,2012
218,,인천광역시 연수구 송도동 컨벤시아대로42번길 35,,37.3754916,126.656299,송도더샵그린애비뉴7단지,112.1643,202212,"85,000",14,2012
219,,인천광역시 연수구 송도동 컨벤시아대로42번길 35,,37.3917088,126.655931,송도더샵그린애비뉴7단지,84.992,202212,"67,500",4,2012
220,,인천광역시 연수구 송도동 컨벤시아대로42번길 61,,37.3997228,126.648135,송도더샵그린애비뉴8단지,84.992,202211,"65,000",8,2012
221,,인천광역시 연수구 송도동 컨벤시아대로42번길 61,,37.3997228,126.648135,송도더샵그린애비뉴8단지,84.992,202212,"63,500",2,2012
222,,인천광역시 연수구 송도동 아트센터대로97번길 20,,37.3997228,126.648135,송도더샵그린워크3차(17-1블럭),69.91,202209,"66,000",19,2015
223,,인천광역시 연수구 송도동 아트센터대로97번길 20,,37.4007898,126.646402,송도더샵그린워크3차(17-1블럭),84.73,202209,"72,000",7,2015
224,,인천광역시 연수구 송도동 아트센터대로97번길 20,,37.4007898,126.646402,송도더샵그린워크3차(17-1블럭),104.85,202211,"82,000",22,2015
225,,인천광역시 연수구 송도동 아트센터대로97번길 20,,37.3997531,126.640252,송도더샵그린워크3차(17-1블럭),69.91,202211,"57,000",23,2015
226,,인천광역시 연수구 송도동 컨벤시아대로130번길 100,,37.3997531,126.640252,송도더샵그린워크3차(18-1블럭),84.73,202209,"79,000",8,2015
227,,인천광역시 연수구 송도동 컨벤시아대로130번길 100,,37.3997531,126.640252,송도더샵그린워크3차(18-1블럭),84.89,202209,"68,000",3,2015
228,,인천광역시 연수구 송도동 컨벤시아대로130번길 100,,37.3997531,126.640252,송도더샵그린워크3차(18-1블럭),84.89,202210,"78,000",21,2015
229,,인천광역시 연수구 송도동 컨벤시아대로130번길 100,,37.3984855,126.638259,송도더샵그린워크3차(18-1블럭),84.89,202210,"79,300",32,2015
230,,인천광역시 연수구 송도동 컨벤시아대로130번길 100,,37.3984855,126.638259,송도더샵그린워크3차(18-1블럭),84.89,202210,"79,300",32,2015
231,,인천광역시 연수구 송도동 컨벤시아대로130번길 100,,37.3984855,126.638259,송도더샵그린워크3차(18-1블럭),99.6,202210,"76,000",5,2015
232,,인천광역시 연수구 송도동 컨벤시아대로130번길 100,,37.3984855,126.638259,송도더샵그린워크3차(18-1블럭),84.89,202210,"67,800",14,2015
233,,인천광역시 연수구 송도동 컨벤시아대로130번길 100,,37.3984855,126.638259,송도더샵그린워크3차(18-1블럭),84.89,202211,"76,000",21,2015
234,,인천광역시 연수구 송도동 컨벤시아대로130번길 100,,37.3984855,126.638259,송도더샵그린워크3차(18-1블럭),84.73,202211,"68,000",23,2015
235,,인천광역시 연수구 송도동 컨벤시아대로130번길 100,,37.3984855,126.638259,송도더샵그린워크3차(18-1블럭),84.73,202212,"65,000",7,2015
236,,인천광역시 연수구 송도동 컨벤시아대로130번길 100,,37.3984855,126.638259,송도더샵그린워크3차(18-1블럭),99.6,202212,"81,000",19,2015
237,,인천광역시 연수구 송도동 컨벤시아대로130번길 100,,37.3984855,126.638259,송도더샵그린워크3차(18-1블럭),84.89,202212,"65,000",4,2015
238,,인천광역시 연수구 송도동 컨벤시아대로274번길 55,,37.3984855,126.638259,송도더샵마스터뷰21BL,84.92,202210,"68,000",23,2015
239,,인천광역시 연수구 송도동 컨벤시아대로274번길 55,,37.3984855,126.638259,송도더샵마스터뷰21BL,84.98,202210,"69,500",21,2015
240,,인천광역시 연수구 송도동 컨벤시아대로274번길 55,,37.3984855,126.638259,송도더샵마스터뷰21BL,84.98,202210,"69,500",21,2015
241,,인천광역시 연수구 송도동 컨벤시아대로274번길 55,,37.3840802,126.630143,송도더샵마스터뷰21BL,72.59,202211,"60,000",8,2015
242,,인천광역시 연수구 송도동 컨벤시아대로274번길 55,,37.3840802,126.630143,송도더샵마스터뷰21BL,72.59,202211,"60,000",8,2015
243,,인천광역시 연수구 송도동 컨벤시아대로274번길 55,,37.3840802,126.630143,송도더샵마스터뷰21BL,84.92,202212,"73,000",16,2015
244,,인천광역시 연수구 송도동 컨벤시아대로274번길 35,,37.3840802,126.630143,송도더샵마스터뷰22BL,196.04,202211,"270,000",32,2015
245,,인천광역시 연수구 송도동 컨벤시아대로274번길 35,,37.3840802,126.630143,송도더샵마스터뷰22BL,84.92,202211,"67,500",8,2015
246,,인천광역시 연수구 송도동 컨벤시아대로274번길 35,,37.3840802,126.630143,송도더샵마스터뷰22BL,84.92,202211,"72,000",15,2015
247,,인천광역시 연수구 송도동 컨벤시아대로274번길 35,,37.382959,126.631774,송도더샵마스터뷰22BL,72.59,202212,"62,000",4,2015
248,,인천광역시 연수구 송도동 컨벤시아대로274번길 35,,37.382959,126.631774,송도더샵마스터뷰22BL,84.92,202212,"70,000",6,2015
249,,인천광역시 연수구 송도동 컨벤시아대로274번길 35,,37.382959,126.631774,송도더샵마스터뷰22BL,84.92,202212,"67,700",19,2015
250,,인천광역시 연수구 송도동 컨벤시아대로274번길 15,,37.382959,126.631774,송도더샵마스터뷰23-1BL,84.92,202211,"74,800",14,2015
251,,인천광역시 연수구 송도동 컨벤시아대로274번길 15,,37.382959,126.631774,송도더샵마스터뷰23-1BL,84.92,202212,"75,000",28,2015
252,,인천광역시 연수구 송도동 송도국제대로 261,,37.382959,126.631774,송도더샵센트럴시티,84.97,202209,"80,000",36,2018
253,,인천광역시 연수구 송도동 송도국제대로 261,,37.3819905,126.633247,송도더샵센트럴시티,84.97,202209,"70,000",36,2018
254,,인천광역시 연수구 송도동 송도국제대로 261,,37.3819905,126.633247,송도더샵센트럴시티,84.97,202209,"70,000",26,2018
255,,인천광역시 연수구 송도동 송도국제대로 261,,37.3738548,126.651192,송도더샵센트럴시티,59.99,202210,"58,000",28,2018
256,,인천광역시 연수구 송도동 송도국제대로 261,,37.3738548,126.651192,송도더샵센트럴시티,59.97,202210,"54,300",41,2018
257,,인천광역시 연수구 송도동 송도국제대로 261,,37.3738548,126.651192,송도더샵센트럴시티,72.99,202210,"60,000",26,2018
258,,인천광역시 연수구 송도동 송도국제대로 261,,37.3738548,126.651192,송도더샵센트럴시티,72.99,202210,"62,000",17,2018
259,,인천광역시 연수구 송도동 송도국제대로 261,,37.3738548,126.651192,송도더샵센트럴시티,84.97,202210,"69,000",25,2018
260,,인천광역시 연수구 송도동 송도국제대로 261,,37.3738548,126.651192,송도더샵센트럴시티,59.99,202210,"52,700",15,2018
261,,인천광역시 연수구 송도동 송도국제대로 261,,37.3738548,126.651192,송도더샵센트럴시티,59.99,202210,"50,500",8,2018
262,,인천광역시 연수구 송도동 송도국제대로 261,,37.3738548,126.651192,송도더샵센트럴시티,84.97,202210,"63,000",5,2018
263,,인천광역시 연수구 송도동 송도국제대로 261,,37.3738548,126.651192,송도더샵센트럴시티,84.97,202210,"64,000",31,2018
264,,인천광역시 연수구 송도동 송도국제대로 261,,37.3738548,126.651192,송도더샵센트럴시티,59.99,202211,"49,900",8,2018
265,,인천광역시 연수구 송도동 송도국제대로 261,,37.3738548,126.651192,송도더샵센트럴시티,59.97,202211,"51,000",37,2018
266,,인천광역시 연수구 송도동 송도국제대로 261,,37.3738548,126.651192,송도더샵센트럴시티,72.99,202211,"57,500",38,2018
267,,인천광역시 연수구 송도동 송도국제대로 261,,37.3738548,126.651192,송도더샵센트럴시티,59.97,202211,"50,000",24,2018
268,,인천광역시 연수구 송도동 송도국제대로 261,,37.3738548,126.651192,송도더샵센트럴시티,59.97,202211,"50,000",10,2018
269,,인천광역시 연수구 송도동 송도국제대로 261,,37.3738548,126.651192,송도더샵센트럴시티,59.97,202211,"53,500",28,2018
270,,인천광역시 연수구 송도동 송도국제대로 261,,37.3738548,126.651192,송도더샵센트럴시티,59.97,202211,"52,000",44,2018
271,,인천광역시 연수구 송도동 송도국제대로 261,,37.3738548,126.651192,송도더샵센트럴시티,84.97,202211,"48,000",19,2018
272,,인천광역시 연수구 송도동 송도국제대로 261,,37.3738548,126.651192,송도더샵센트럴시티,59.99,202211,"49,500",7,2018
273,,인천광역시 연수구 송도동 송도국제대로 261,,37.3738548,126.651192,송도더샵센트럴시티,59.99,202211,"49,500",7,2018
274,,인천광역시 연수구 송도동 송도국제대로 261,,37.3738548,126.651192,송도더샵센트럴시티,59.99,202211,"42,000",2,2018
275,,인천광역시 연수구 송도동 송도국제대로 261,,37.3738548,126.651192,송도더샵센트럴시티,59.97,202211,"70,000",38,2018
276,,인천광역시 연수구 송도동 송도국제대로 261,,37.3738548,126.651192,송도더샵센트럴시티,59.99,202211,"46,000",2,2018
277,,인천광역시 연수구 송도동 송도국제대로 261,,37.3738548,126.651192,송도더샵센트럴시티,59.97,202211,"48,000",7,2018
278,,인천광역시 연수구 송도동 송도국제대로 261,,37.3738548,126.651192,송도더샵센트럴시티,59.97,202211,"55,000",26,2018
279,,인천광역시 연수구 송도동 송도국제대로 261,,37.3738548,126.651192,송도더샵센트럴시티,59.99,202212,"54,000",31,2018
280,,인천광역시 연수구 송도동 송도국제대로 261,,37.3738548,126.651192,송도더샵센트럴시티,59.97,202212,"56,200",32,2018
281,,인천광역시 연수구 송도동 송도국제대로 261,,37.3738548,126.651192,송도더샵센트럴시티,59.97,202212,"49,800",42,2018
282,,인천광역시 연수구 송도동 송도국제대로 261,,37.3738548,126.651192,송도더샵센트럴시티,59.99,202212,"50,000",7,2018
283,,인천광역시 연수구 송도동 송도국제대로 261,,37.3738548,126.651192,송도더샵센트럴시티,59.97,202212,"50,000",12,2018
284,,인천광역시 연수구 송도동 송도국제대로 261,,37.3738548,126.651192,송도더샵센트럴시티,84.97,202212,"72,000",14,2018
285,,인천광역시 연수구 송도동 송도국제대로 261,,37.3738548,126.651192,송도더샵센트럴시티,84.97,202212,"74,000",37,2018
286,,인천광역시 연수구 송도동 송도국제대로 261,,37.3738548,126.651192,송도더샵센트럴시티,59.97,202212,"45,000",45,2018
287,,인천광역시 연수구 송도동 송도국제대로 261,,37.3738548,126.651192,송도더샵센트럴시티,84.97,202212,"49,000",20,2018
288,,인천광역시 연수구 송도동 송도국제대로 261,,37.3738548,126.651192,송도더샵센트럴시티,59.99,202212,"53,000",31,2018
289,,인천광역시 연수구 송도동 컨벤시아대로252번길 10,,37.3738548,126.651192,송도더샵파크애비뉴,59.53,202212,"64,000",36,2018
290,,인천광역시 연수구 송도동 컨벤시아대로252번길 70,,37.3738548,126.651192,송도더샵퍼스트파크F13-1BL,95.87,202209,"115,000",16,2017
291,,인천광역시 연수구 송도동 컨벤시아대로252번길 70,,37.3738548,126.651192,송도더샵퍼스트파크F13-1BL,68.96,202210,"70,000",9,2017
292,,인천광역시 연수구 송도동 컨벤시아대로252번길 70,,37.3851817,126.636652,송도더샵퍼스트파크F13-1BL,68.72,202211,"70,000",35,2017
293,,인천광역시 연수구 송도동 컨벤시아대로252번길 70,,37.3884649,126.631984,송도더샵퍼스트파크F13-1BL,84.9,202211,"84,700",32,2017
294,,인천광역시 연수구 송도동 컨벤시아대로252번길 70,,37.3884649,126.631984,송도더샵퍼스트파크F13-1BL,84.9,202211,"84,700",32,2017
295,,인천광역시 연수구 송도동 컨벤시아대로252번길 70,,37.3884649,126.631984,송도더샵퍼스트파크F13-1BL,84.9,202211,"78,000",12,2017
296,,인천광역시 연수구 송도동 컨벤시아대로252번길 70,,37.3884649,126.631984,송도더샵퍼스트파크F13-1BL,84.9,202211,"80,000",17,2017
297,,인천광역시 연수구 송도동 컨벤시아대로252번길 70,,37.3884649,126.631984,송도더샵퍼스트파크F13-1BL,68.72,202211,"86,000",42,2017
298,,인천광역시 연수구 송도동 컨벤시아대로252번길 70,,37.3884649,126.631984,송도더샵퍼스트파크F13-1BL,84.9,202212,"79,000",28,2017
299,,인천광역시 연수구 송도동 컨벤시아대로252번길 70,,37.3884649,126.631984,송도더샵퍼스트파크F13-1BL,84.94,202212,"76,000",34,2017
300,,인천광역시 연수구 송도동 컨벤시아대로252번길 50,,37.3884649,126.631984,송도더샵퍼스트파크F14BL,84.9,202210,"81,500",7,2017
301,,인천광역시 연수구 송도동 컨벤시아대로252번길 50,,37.3884649,126.631984,송도더샵퍼스트파크F14BL,59.89,202210,"63,000",34,2017
302,,인천광역시 연수구 송도동 컨벤시아대로252번길 50,,37.3884649,126.631984,송도더샵퍼스트파크F14BL,59.89,202211,"58,000",7,2017
303,,인천광역시 연수구 송도동 컨벤시아대로252번길 50,,37.3873165,126.633559,송도더샵퍼스트파크F14BL,84.9,202211,"80,000",15,2017
304,,인천광역시 연수구 송도동 컨벤시아대로252번길 50,,37.3873165,126.633559,송도더샵퍼스트파크F14BL,84.9,202211,"85,000",35,2017
305,,인천광역시 연수구 송도동 컨벤시아대로252번길 50,,37.3873165,126.633559,송도더샵퍼스트파크F14BL,68.96,202212,"69,500",10,2017
306,,인천광역시 연수구 송도동 컨벤시아대로252번길 30,,37.3873165,126.633559,송도더샵퍼스트파크F15BL,84.9,202210,"100,000",27,2017
307,,인천광역시 연수구 송도동 컨벤시아대로252번길 30,,37.3873165,126.633559,송도더샵퍼스트파크F15BL,84.9,202211,"88,000",11,2017
308,,인천광역시 연수구 송도동 컨벤시아대로252번길 30,,37.3873165,126.633559,송도더샵퍼스트파크F15BL,59.98,202211,"65,000",20,2017
309,,인천광역시 연수구 송도동 컨벤시아대로252번길 30,,37.3861414,126.635259,송도더샵퍼스트파크F15BL,68.96,202211,"70,000",28,2017
310,,인천광역시 연수구 송도동 컨벤시아대로252번길 30,,37.3861414,126.635259,송도더샵퍼스트파크F15BL,68.72,202211,"75,000",9,2017
311,,인천광역시 연수구 송도동 컨벤시아대로252번길 30,,37.3861414,126.635259,송도더샵퍼스트파크F15BL,59.89,202212,"60,000",15,2017
312,,인천광역시 연수구 송도동 아트센터대로97번길 75,,37.3861414,126.635259,송도더샵하버뷰(D13),84.928,202211,"67,000",15,2011
313,,인천광역시 연수구 송도동 아트센터대로97번길 75,,37.3861414,126.635259,송도더샵하버뷰(D13),101.067,202211,"81,500",29,2011
314,,인천광역시 연수구 송도동 아트센터대로97번길 76,,37.3861414,126.635259,송도더샵하버뷰(D14),101.454,202210,"80,000",22,2011
315,,인천광역시 연수구 송도동 아트센터대로97번길 76,,37.3981677,126.646336,송도더샵하버뷰(D14),101.454,202212,"79,800",20,2011
316,,인천광역시 연수구 송도동 아트센터대로97번길 56,,37.3981677,126.646336,송도더샵하버뷰(D15),118.7895,202209,"149,000",29,2012
317,,인천광역시 연수구 송도동 아트센터대로97번길 56,,37.396443,126.64509,송도더샵하버뷰(D15),84.8786,202210,"70,000",14,2012
318,,인천광역시 연수구 송도동 아트센터대로97번길 56,,37.396443,126.64509,송도더샵하버뷰(D15),84.919,202211,"80,000",13,2012
319,,인천광역시 연수구 송도동 센트럴로 160,,37.3977437,126.643187,송도센트럴파크푸르지오,84.9841,202209,"98,500",40,2015
320,,인천광역시 연수구 송도동 송도과학로27번길 15,,37.3977437,126.643187,송도아메리칸타운아이파크,64.168,202212,"36,000",9,2018
321,,인천광역시 연수구 송도동 인천타워대로 253-25,,37.3977437,126.643187,송도아트윈푸르지오,84.97,202210,"79,000",32,2015
322,,인천광역시 연수구 송도동 인천타워대로 253-25,,37.3925744,126.644013,송도아트윈푸르지오,84.97,202211,"68,300",36,2015
323,,인천광역시 연수구 송도동 인천타워대로 253-25,,37.3850325,126.662206,송도아트윈푸르지오,106.78,202211,"90,000",39,2015
324,,인천광역시 연수구 송도동 송도문화로84번길 24,,37.3926824,126.632234,송도에듀포레푸르지오,59.941,202209,"56,500",26,2016
325,,인천광역시 연수구 송도동 송도문화로84번길 24,,37.3926824,126.632234,송도에듀포레푸르지오,84.517,202209,"70,500",23,2016
326,,인천광역시 연수구 송도동 송도문화로84번길 24,,37.3926824,126.632234,송도에듀포레푸르지오,72.253,202209,"58,000",3,2016
327,,인천광역시 연수구 송도동 송도문화로84번길 24,,37.3739316,126.658971,송도에듀포레푸르지오,84.517,202209,"70,400",24,2016
328,,인천광역시 연수구 송도동 송도문화로84번길 24,,37.3739316,126.658971,송도에듀포레푸르지오,59.941,202210,"54,000",31,2016
329,,인천광역시 연수구 송도동 송도문화로84번길 24,,37.3739316,126.658971,송도에듀포레푸르지오,72.217,202210,"57,500",9,2016
330,,인천광역시 연수구 송도동 송도문화로84번길 24,,37.3739316,126.658971,송도에듀포레푸르지오,59.978,202210,"48,000",13,2016
331,,인천광역시 연수구 송도동 송도문화로84번길 24,,37.3739316,126.658971,송도에듀포레푸르지오,84.852,202210,"80,000",38,2016
332,,인천광역시 연수구 송도동 송도문화로84번길 24,,37.3739316,126.658971,송도에듀포레푸르지오,84.517,202210,"65,000",24,2016
333,,인천광역시 연수구 송도동 송도문화로84번길 24,,37.3739316,126.658971,송도에듀포레푸르지오,84.517,202210,"72,000",30,2016
334,,인천광역시 연수구 송도동 송도문화로84번길 24,,37.3739316,126.658971,송도에듀포레푸르지오,72.253,202210,"58,500",8,2016
335,,인천광역시 연수구 송도동 송도문화로84번길 24,,37.3739316,126.658971,송도에듀포레푸르지오,84.517,202210,"63,500",16,2016
336,,인천광역시 연수구 송도동 송도문화로84번길 24,,37.3739316,126.658971,송도에듀포레푸르지오,84.852,202211,"82,500",40,2016
337,,인천광역시 연수구 송도동 송도문화로84번길 24,,37.3739316,126.658971,송도에듀포레푸르지오,72.217,202211,"57,500",32,2016
338,,인천광역시 연수구 송도동 송도문화로84번길 24,,37.3739316,126.658971,송도에듀포레푸르지오,59.941,202211,"46,500",13,2016
339,,인천광역시 연수구 송도동 송도문화로84번길 24,,37.3739316,126.658971,송도에듀포레푸르지오,59.978,202211,"45,800",9,2016
340,,인천광역시 연수구 송도동 송도문화로84번길 24,,37.3739316,126.658971,송도에듀포레푸르지오,59.978,202211,"47,000",17,2016
341,,인천광역시 연수구 송도동 송도문화로84번길 24,,37.3739316,126.658971,송도에듀포레푸르지오,84.852,202211,"72,000",36,2016
342,,인천광역시 연수구 송도동 송도문화로84번길 24,,37.3739316,126.658971,송도에듀포레푸르지오,72.217,202212,"55,000",13,2016
343,,인천광역시 연수구 송도동 송도문화로84번길 24,,37.3739316,126.658971,송도에듀포레푸르지오,84.852,202212,"70,000",4,2016
344,,인천광역시 연수구 송도동 해송로 143,,37.3739316,126.658971,송도웰카운티1단지,84.97,202212,"55,000",7,2008
345,,인천광역시 연수구 송도동 해송로 70,,37.3739316,126.658971,송도웰카운티2단지,134.99,202209,"96,000",9,2007
346,,인천광역시 연수구 송도동 해송로 70,,37.3739316,126.658971,송도웰카운티2단지,149.59,202210,"102,000",4,2007
347,,인천광역시 연수구 송도동 해송로 70,,37.3771182,126.64875,송도웰카운티2단지,119.91,202211,"84,500",6,2007
348,,인천광역시 연수구 송도동 해송로 70,,37.3791777,126.650467,송도웰카운티2단지,84.96,202211,"65,000",10,2007
349,,인천광역시 연수구 송도동 해송로 70,,37.3791777,126.650467,송도웰카운티2단지,84.97,202212,"58,000",5,2007
350,,인천광역시 연수구 송도동 해송로30번길 19,,37.3791777,126.650467,송도웰카운티3단지,84.91,202211,"66,200",19,2010
351,,인천광역시 연수구 송도동 해송로30번길 19,,37.3791777,126.650467,송도웰카운티3단지,84.99,202211,"69,500",7,2010
352,,인천광역시 연수구 송도동 해송로30번길 19,,37.3791777,126.650467,송도웰카운티3단지,76.24,202212,"56,000",6,2010
353,,인천광역시 연수구 송도동 해송로30번길 20,,37.3812312,126.647183,송도웰카운티4단지,149.8,202209,"130,000",23,2010
354,,인천광역시 연수구 송도동 해송로30번길 20,,37.3812312,126.647183,송도웰카운티4단지,101.8,202212,"90,000",27,2010
355,,인천광역시 연수구 송도동 컨벤시아대로130번길 58,,37.3812312,126.647183,송도자이하버뷰1단지,94.477,202212,"68,000",14,2011
356,,인천광역시 연수구 송도동 컨벤시아대로130번길 58,,37.3817456,126.644471,송도자이하버뷰1단지,94.477,202212,"105,000",27,2011
357,,인천광역시 연수구 송도동 컨벤시아대로130번길 32,,37.3817456,126.644471,송도자이하버뷰2단지,95.393,202209,"69,000",2,2011
358,,인천광역시 연수구 송도동 컨벤시아대로130번길 32,,37.396216,126.641523,송도자이하버뷰2단지,101.7,202210,"82,000",2,2011
359,,인천광역시 연수구 송도동 컨벤시아대로130번길 32,,37.396216,126.641523,송도자이하버뷰2단지,101.7,202210,"82,000",2,2011
360,,인천광역시 연수구 송도동 컨벤시아대로130번길 32,,37.3951666,126.64312,송도자이하버뷰2단지,115.133,202210,"115,000",17,2011
361,,인천광역시 연수구 송도동 송도과학로51번길 136,,37.3951666,126.64312,송도캐슬&해모로,84.637,202212,"48,000",1,2013
362,,인천광역시 연수구 송도동 컨벤시아대로 126,,37.3951666,126.64312,송도푸르지오월드마크8단지,138.274,202210,"84,000",13,2010
363,,인천광역시 연수구 송도동 컨벤시아대로130번길 80,,37.3951666,126.64312,송도푸르지오하버뷰,101.7907,202209,"120,000",13,2011
364,,인천광역시 연수구 송도동 컨벤시아대로130번길 80,,37.3844107,126.675002,송도푸르지오하버뷰,111.8079,202211,"85,000",29,2011
365,,인천광역시 연수구 송도동 신송로118번길 6,,37.3927057,126.645729,송도풍림아이원1단지,114.7008,202209,"60,200",15,2005
366,,인천광역시 연수구 송도동 신송로118번길 6,,37.3973731,126.639835,송도풍림아이원1단지,84.7167,202211,"54,500",9,2005
367,,인천광역시 연수구 송도동 신송로118번길 6,,37.3973731,126.639835,송도풍림아이원1단지,84.7167,202211,"53,500",5,2005
368,,인천광역시 연수구 송도동 신송로118번길 6,,37.3952015,126.654808,송도풍림아이원1단지,84.9146,202212,"54,000",4,2005
369,,인천광역시 연수구 송도동 신송로118번길 6,,37.3952015,126.654808,송도풍림아이원1단지,114.7008,202212,"75,000",23,2005
370,,인천광역시 연수구 송도동 신송로118번길 6,,37.3952015,126.654808,송도풍림아이원1단지,84.7167,202212,"38,000",4,2005
371,,인천광역시 연수구 송도동 신송로118번길 6,,37.3952015,126.654808,송도풍림아이원1단지,84.7167,202212,"50,000",5,2005
372,,인천광역시 연수구 송도동 신송로118번길 6,,37.3952015,126.654808,송도풍림아이원1단지,84.7167,202212,"50,000",5,2005
373,,인천광역시 연수구 송도동 해돋이로120번길 16,,37.3952015,126.654808,송도풍림아이원2단지,84.94,202209,"60,000",2,2005
374,,인천광역시 연수구 송도동 해돋이로120번길 16,,37.3952015,126.654808,송도풍림아이원2단지,84.96,202210,"59,000",21,2005
375,,인천광역시 연수구 송도동 해돋이로120번길 16,,37.3952015,126.654808,송도풍림아이원2단지,84.94,202211,"51,000",14,2005
376,,인천광역시 연수구 송도동 해돋이로120번길 16,,37.393418,126.651914,송도풍림아이원2단지,84.94,202211,"52,000",11,2005
377,,인천광역시 연수구 송도동 해돋이로120번길 16,,37.393418,126.651914,송도풍림아이원2단지,84.94,202211,"54,000",18,2005
378,,인천광역시 연수구 송도동 해돋이로120번길 16,,37.393418,126.651914,송도풍림아이원2단지,84.94,202212,"58,000",14,2005
379,,인천광역시 연수구 송도동 해돋이로120번길 16,,37.393418,126.651914,송도풍림아이원2단지,84.94,202212,"52,000",13,2005
380,,인천광역시 연수구 송도동 해돋이로120번길 16,,37.393418,126.651914,송도풍림아이원2단지,84.94,202212,"50,000",4,2005
381,,인천광역시 연수구 송도동 해돋이로120번길 16,,37.393418,126.651914,송도풍림아이원2단지,84.94,202212,"52,000",15,2005
382,,인천광역시 연수구 송도동 해돋이로84번길 29,,37.393418,126.651914,송도풍림아이원3단지,84.94,202211,"50,000",10,2005
383,,인천광역시 연수구 송도동 신송로82번길 6,,37.393418,126.651914,송도풍림아이원4단지,84.7159,202211,"49,000",5,2005
384,,인천광역시 연수구 송도동 신송로82번길 6,,37.393418,126.651914,송도풍림아이원4단지,84.7159,202212,"47,800",10,2005
385,,인천광역시 연수구 송도동 해돋이로6번길 33,,37.3920162,126.653219,송도한진해모로,84.9574,202210,"57,000",9,2006
386,,인천광역시 연수구 송도동 컨벤시아대로130번길 12,,37.3932989,126.657392,스위트리아송도,49.7863,202211,"22,000",6,2017
387,,인천광역시 연수구 송도동 해돋이로6번길 7,,37.3932989,126.657392,아이파크송도,84.4945,202210,"80,000",13,2005
388,,인천광역시 연수구 송도동 해돋이로6번길 7,,37.3891351,126.660132,아이파크송도,84.7817,202211,"60,000",4,2005
389,,인천광역시 연수구 송도동 송도과학로27번길 30,,37.3933079,126.645229,해모로월드뷰,84.8507,202211,"62,000",6,2012
390,,인천광역시 연수구 송도동 송도과학로27번길 30,,37.3876443,126.658694,해모로월드뷰,84.9778,202212,"62,000",31,2012
391,,인천광역시 연수구 송도동 랜드마크로 110,,37.3876443,126.658694,호반베르디움에듀시티,75.9833,202209,"60,000",7,2020
392,,인천광역시 연수구 송도동 랜드마크로 110,,37.3839398,126.664526,호반베르디움에듀시티,75.9833,202211,"52,000",19,2020
393,,인천광역시 연수구 송도동 랜드마크로 110,,37.3839398,126.664526,호반베르디움에듀시티,84.847,202211,"59,000",5,2020
394,,인천광역시 연수구 송도동 랜드마크로 110,,37.4148944,126.615938,호반베르디움에듀시티,84.847,202211,"59,000",1,2020
395,,인천광역시 연수구 송도동 랜드마크로 110,,37.4148944,126.615938,호반베르디움에듀시티,75.9833,202211,"57,000",33,2020
396,,인천광역시 연수구 송도동 랜드마크로 110,,37.4148944,126.615938,호반베르디움에듀시티,75.9833,202211,"52,000",29,2020
397,,인천광역시 연수구 송도동 랜드마크로 110,,37.4148944,126.615938,호반베르디움에듀시티,84.9128,202211,"62,000",30,2020
398,,인천광역시 연수구 송도동 랜드마크로 110,,37.4148944,126.615938,호반베르디움에듀시티,84.847,202211,"65,000",42,2020
399,,인천광역시 연수구 송도동 랜드마크로 110,,37.4148944,126.615938,호반베르디움에듀시티,84.9128,202211,"60,000",32,2020
400,,인천광역시 연수구 송도동 랜드마크로 110,,37.4148944,126.615938,호반베르디움에듀시티,75.9833,202212,"50,000",27,2020
401,,인천광역시 연수구 송도동 랜드마크로 110,,37.4148944,126.615938,호반베르디움에듀시티,84.847,202212,"62,500",48,2020
402,,인천광역시 연수구 송도동 아카데미로312번길 177,,37.4148944,126.615938,힐스테이트레이크송도1차,84.92,202210,"73,000",10,2019
403,,인천광역시 연수구 송도동 아카데미로312번길 177,,37.4148944,126.615938,힐스테이트레이크송도1차,84.93,202211,"66,250",15,2019
404,,인천광역시 연수구 송도동 아카데미로312번길 177,,37.4148944,126.615938,힐스테이트레이크송도1차,84.92,202212,"67,000",22,2019
405,,인천광역시 연수구 송도동 아카데미로312번길 177,,37.4002155,126.621062,힐스테이트레이크송도1차,84.92,202212,"66,500",23,2019
406,,인천광역시 연수구 송도동 아카데미로 446,,37.4002155,126.621062,힐스테이트레이크송도2차,84.97,202211,"63,000",17,2020
407,,인천광역시 연수구 송도동 아카데미로 446,,37.4002155,126.621062,힐스테이트레이크송도2차,84.96,202211,"63,000",11,2020
408,,인천광역시 연수구 송도동 아카데미로 446,,37.4002155,126.621062,힐스테이트레이크송도2차,84.97,202211,"71,500",17,2020
409,,인천광역시 연수구 송도동 아카데미로 446,,37.3967617,126.620142,힐스테이트레이크송도2차,84.96,202212,"65,000",11,2020
410,,인천광역시 연수구 송도동 아카데미로 446,,37.3967617,126.620142,힐스테이트레이크송도2차,84.96,202212,"63,000",8,2020
411,,인천광역시 연수구 연수동 원인재로 312,,37.3967617,126.620142,경남,84.935,202209,"37,000",12,1993
412,,인천광역시 연수구 연수동 원인재로 312,,37.3967617,126.620142,경남,84.935,202211,"41,000",3,1993
413,,인천광역시 연수구 연수동 원인재로 312,,37.3967617,126.620142,경남,70.28,202211,"40,000",5,1993
414,,인천광역시 연수구 연수동 원인재로 300,,37.4206668,126.694953,대림,84.795,202211,"41,000",2,1993
415,,인천광역시 연수구 연수동 원인재로 300,,37.4206668,126.694953,대림,62.482,202211,"37,300",3,1993
416,,인천광역시 연수구 연수동 원인재로 300,,37.4206668,126.694953,대림,62.482,202211,"37,300",3,1993
417,,인천광역시 연수구 연수동 함박뫼로 100,,37.4206668,126.694953,문남마을,49.24,202209,"26,200",2,1994
418,,인천광역시 연수구 연수동 함박뫼로 100,,37.4206668,126.694953,문남마을,49.24,202209,"21,000",5,1994
419,,인천광역시 연수구 연수동 함박뫼로 100,,37.4206668,126.694953,문남마을,49.24,202211,"22,500",1,1994
420,,인천광역시 연수구 연수동 함박뫼로 100,,37.4224693,126.678226,문남마을,49.24,202211,"21,000",1,1994
421,,인천광역시 연수구 연수동 함박뫼로 100,,37.4224693,126.678226,문남마을,49.24,202211,"22,500",5,1994
422,,인천광역시 연수구 연수동 함박뫼로 100,,37.4224693,126.678226,문남마을,49.24,202212,"18,000",5,1994
423,,인천광역시 연수구 연수동 새말로 134,,37.4224693,126.678226,세경,51.75,202210,"21,200",8,1997
424,,인천광역시 연수구 연수동 새말로 134,,37.4224693,126.678226,세경,51.75,202210,"19,700",8,1997
425,,인천광역시 연수구 연수동 새말로 134,,37.4224693,126.678226,세경,51.75,202211,"21,700",6,1997
426,,인천광역시 연수구 연수동 새말로 134,,37.4165724,126.683289,세경,36.27,202211,"15,900",1,1997
427,,인천광역시 연수구 연수동 새말로 134,,37.4165724,126.683289,세경,51.75,202212,"22,000",13,1997
428,,인천광역시 연수구 연수동 원인재로 232,,37.4165724,126.683289,솔밭마을아파트,49.56,202209,"22,500",4,1993
429,,인천광역시 연수구 연수동 원인재로 232,,37.4165724,126.683289,솔밭마을아파트,49.56,202209,"23,000",12,1993
430,,인천광역시 연수구 연수동 원인재로 232,,37.4165724,126.683289,솔밭마을아파트,49.56,202210,"22,750",3,1993
431,,인천광역시 연수구 연수동 원인재로 232,,37.4148103,126.688098,솔밭마을아파트,49.56,202210,"24,500",10,1993
432,,인천광역시 연수구 연수동 원인재로 232,,37.4148103,126.688098,솔밭마을아파트,49.56,202210,"24,500",10,1993
433,,인천광역시 연수구 연수동 원인재로 232,,37.4148103,126.688098,솔밭마을아파트,49.56,202210,"21,300",5,1993
434,,인천광역시 연수구 연수동 원인재로 232,,37.4148103,126.688098,솔밭마을아파트,49.56,202210,"21,000",10,1993
435,,인천광역시 연수구 연수동 원인재로 232,,37.4148103,126.688098,솔밭마을아파트,49.56,202210,"20,000",10,1993
436,,인천광역시 연수구 연수동 원인재로 232,,37.4148103,126.688098,솔밭마을아파트,49.56,202211,"20,000",11,1993
437,,인천광역시 연수구 연수동 원인재로 212,,37.4148103,126.688098,"승기마을,연수1차시영",26.82,202209,"13,000",14,1992
438,,인천광역시 연수구 연수동 원인재로 212,,37.4148103,126.688098,"승기마을,연수1차시영",26.82,202210,"13,000",13,1992
439,,인천광역시 연수구 연수동 원인재로 212,,37.4148103,126.688098,"승기마을,연수1차시영",26.82,202210,"14,000",12,1992
440,,인천광역시 연수구 연수동 원인재로 212,,37.4148103,126.688098,"승기마을,연수1차시영",26.82,202210,"16,000",13,1992
441,,인천광역시 연수구 연수동 원인재로 212,,37.4148103,126.688098,"승기마을,연수1차시영",26.82,202211,"14,450",3,1992
442,,인천광역시 연수구 연수동 원인재로 212,,37.4148103,126.688098,"승기마을,연수1차시영",44.22,202211,"21,800",9,1992
443,,인천광역시 연수구 연수동 원인재로 212,,37.4148103,126.688098,"승기마을,연수1차시영",26.82,202212,"12,500",14,1992
444,,인천광역시 연수구 연수동 원인재로 212,,37.4148103,126.688098,"승기마을,연수1차시영",50.67,202212,"18,500",14,1992
445,,인천광역시 연수구 연수동 원인재로 315,,37.4148103,126.688098,연수주공2차,49.94,202209,"23,000",7,1992
446,,인천광역시 연수구 연수동 원인재로 315,,37.4148103,126.688098,연수주공2차,49.94,202210,"21,500",6,1992
447,,인천광역시 연수구 연수동 원인재로 315,,37.4148103,126.688098,연수주공2차,49.94,202210,"21,300",5,1992
448,,인천광역시 연수구 연수동 원인재로 315,,37.4212351,126.691765,연수주공2차,49.94,202211,"21,000",6,1992
449,,인천광역시 연수구 연수동 원인재로 315,,37.4212351,126.691765,연수주공2차,41.3,202211,"16,000",5,1992
450,,인천광역시 연수구 연수동 원인재로 315,,37.4212351,126.691765,연수주공2차,41.3,202211,"16,000",8,1992
451,,인천광역시 연수구 연수동 원인재로 315,,37.4212351,126.691765,연수주공2차,49.94,202211,"21,000",10,1992
452,,인천광역시 연수구 연수동 원인재로 315,,37.4212351,126.691765,연수주공2차,41.3,202211,"15,300",10,1992
453,,인천광역시 연수구 연수동 원인재로 315,,37.4212351,126.691765,연수주공2차,41.3,202212,"14,200",1,1992
454,,인천광역시 연수구 연수동 원인재로 315,,37.4212351,126.691765,연수주공2차,49.94,202212,"20,000",3,1992
455,,인천광역시 연수구 연수동 새말로 111,,37.4212351,126.691765,영남,84.8,202209,"44,000",3,1992
456,,인천광역시 연수구 연수동 청능대로 175,,37.4212351,126.691765,우성1,101.97,202212,"47,400",11,1994
457,,인천광역시 연수구 연수동 원인재로 180,,37.4212351,126.691765,우성2,59.59,202210,"41,000",12,1994
458,,인천광역시 연수구 연수동 원인재로 180,,37.4187981,126.683348,우성2,59.59,202211,"35,000",16,1994
459,,인천광역시 연수구 연수동 원인재로 180,,37.409913,126.682934,우성2,84.78,202212,"40,000",19,1994
460,,인천광역시 연수구 연수동 함박뫼로 115,,37.4117929,126.685083,우주,84.975,202209,"34,000",4,1992
461,,인천광역시 연수구 연수동 먼우금로 302,,37.4117929,126.685083,유천,84.87,202211,"30,000",2,1993
462,,인천광역시 연수구 연수동 먼우금로 302,,37.4117929,126.685083,유천,84.87,202212,"48,000",10,1993
463,,인천광역시 연수구 연수동 함박뫼로 123,,37.4233317,126.680583,인향,84.975,202209,"29,500",5,1992
464,,인천광역시 연수구 연수동 새말로 154,,37.4228011,126.684314,주공3,44.66,202209,"21,800",4,1993
465,,인천광역시 연수구 연수동 새말로 154,,37.4228011,126.684314,주공3,44.66,202210,"20,300",7,1993
466,,인천광역시 연수구 연수동 새말로 154,,37.4233317,126.680583,주공3,44.66,202210,"18,000",5,1993
467,,인천광역시 연수구 연수동 새말로 154,,37.4155136,126.684921,주공3,44.66,202211,"18,000",6,1993
468,,인천광역시 연수구 연수동 먼우금로 299,,37.4155136,126.684921,태경,84.945,202209,"31,000",1,1992
469,,인천광역시 연수구 옥련동 능허대로79번길 30,,37.4155136,126.684921,럭키송도,68.61,202212,"21,000",3,1993
470,,인천광역시 연수구 옥련동 한나루로79번길 11,,37.4155136,126.684921,백산,59.76,202209,"20,000",7,1994
471,,인천광역시 연수구 옥련동 한나루로79번길 11,,37.4233317,126.680583,백산,59.76,202210,"22,500",10,1994
472,,인천광역시 연수구 옥련동 한나루로79번길 12,,37.4243579,126.642642,백산,59.76,202211,"20,000",16,1994
473,,인천광역시 연수구 옥련동 독배로40번길 18,,37.4225485,126.646153,삼성,59.98,202209,"33,000",14,1996
474,,인천광역시 연수구 옥련동 독배로40번길 18,,37.4225485,126.646153,삼성,84.97,202211,"35,000",10,1996
475,,인천광역시 연수구 옥련동 독배로40번길 18,,37.4226946,126.646819,삼성,84.97,202211,"32,000",6,1996
476,,인천광역시 연수구 옥련동 청량로185번길 16,,37.4236641,126.645628,서해,84.855,202211,"35,000",2,1995
477,,인천광역시 연수구 옥련동 청량로 210,,37.4236641,126.645628,쌍용,59.78,202209,"30,000",4,1998
478,,인천광역시 연수구 옥련동 청량로 210,,37.4236641,126.645628,쌍용,59.78,202210,"33,000",19,1998
479,,인천광역시 연수구 옥련동 옥련로99번길 42,,37.4238264,126.651683,아주1,29.7,202209,"17,500",4,1997
480,,인천광역시 연수구 옥련동 옥련로99번길 42,,37.4250468,126.653078,아주1,84.81,202211,"30,700",4,1997
481,,인천광역시 연수구 옥련동 비류대로232번길 7,,37.4250468,126.653078,영남송도,56.16,202211,"22,000",2,1984
482,,인천광역시 연수구 옥련동 비류대로232번길 8,,37.4266588,126.652799,영남송도,58.32,202211,"31,500",5,1984
483,,인천광역시 연수구 옥련동 독배로40번길 48,,37.4266588,126.652799,우성,59.929,202210,"33,000",13,1996
484,,인천광역시 연수구 옥련동 독배로40번길 48,,37.4266386,126.661307,우성,84.692,202210,"38,000",1,1996
485,,인천광역시 연수구 옥련동 한나루로193번길 16,,37.4264547,126.660031,태평,84.74,202211,"31,500",19,1997
486,,인천광역시 연수구 옥련동 한나루로193번길 16,,37.4236867,126.64713,태평,84.74,202211,"31,500",19,1997
487,,인천광역시 연수구 옥련동 비류대로186번길 20,,37.4236867,126.64713,풍림,59.96,202210,"27,000",1,1998
488,,인천광역시 연수구 옥련동 옥련로 33,,37.4260984,126.655242,현대1,59.4,202210,"26,000",5,1994
489,,인천광역시 연수구 옥련동 옥련로 33,,37.4260984,126.655242,현대1,71.265,202210,"27,000",5,1994
490,,인천광역시 연수구 옥련동 옥련로 33,,37.4270429,126.654729,현대1,71.265,202210,"27,000",12,1994
491,,인천광역시 연수구 옥련동 옥련로 33,,37.4281176,126.64346,현대1,84.855,202211,"38,000",16,1994
492,,인천광역시 연수구 옥련동 옥련로 33,,37.4281176,126.64346,현대1,59.4,202211,"20,000",7,1994
493,,인천광역시 연수구 옥련동 옥련로 33,,37.4281176,126.64346,현대1,84.6,202211,"32,000",1,1994
494,,인천광역시 연수구 옥련동 독배로 58,,37.4281176,126.64346,현대2,84.6,202209,"39,850",20,1995
495,,인천광역시 연수구 옥련동 독배로 58,,37.4281176,126.64346,현대2,84.6,202209,"40,000",22,1995
496,,인천광역시 연수구 옥련동 독배로 58,,37.4281176,126.64346,현대2,84.6,202210,"37,700",7,1995
497,,인천광역시 연수구 옥련동 독배로 58,,37.4260541,126.646396,현대2,59.985,202210,"31,000",8,1995
498,,인천광역시 연수구 옥련동 독배로 58,,37.4260541,126.646396,현대2,59.985,202211,"30,500",11,1995
499,,인천광역시 연수구 옥련동 독배로 58,,37.4260541,126.646396,현대2,59.985,202211,"29,000",7,1995
500,,인천광역시 연수구 옥련동 독배로 58,,37.4260541,126.646396,현대2,59.985,202211,"25,000",1,1995
501,,인천광역시 연수구 옥련동 독배로 58,,37.4260541,126.646396,현대2,84.6,202211,"36,000",6,1995
502,,인천광역시 연수구 옥련동 독배로 58,,37.4260541,126.646396,현대2,84.14,202211,"35,700",15,1995
503,,인천광역시 연수구 옥련동 독배로 58,,37.4260541,126.646396,현대2,84.6,202211,"33,000",3,1995
504,,인천광역시 연수구 옥련동 독배로 58,,37.4260541,126.646396,현대2,84.6,202211,"33,000",3,1995
505,,인천광역시 연수구 옥련동 독배로 58,,37.4260541,126.646396,현대2,59.985,202212,"28,000",14,1995
506,,인천광역시 연수구 옥련동 한나루로105번길 68,,37.4260541,126.646396,현대4,84.6,202209,"40,500",7,1997
507,,인천광역시 연수구 옥련동 한나루로105번길 68,,37.4260541,126.646396,현대4,84.6,202210,"40,500",19,1997
508,,인천광역시 연수구 옥련동 한나루로105번길 68,,37.4260541,126.646396,현대4,84.6,202210,"38,500",6,1997
509,,인천광역시 연수구 옥련동 한나루로105번길 68,,37.4252568,126.650942,현대4,84.6,202211,"48,000",13,1997
510,,인천광역시 연수구 옥련동 한진로 50,,37.4252568,126.650942,현대5,84.6,202210,"34,900",4,1997
511,,인천광역시 연수구 청학동 청학로12번길 71,,37.4252568,126.650942,동남,39.42,202209,"14,000",2,1988
512,,인천광역시 연수구 청학동 용담로 3,,37.4252568,126.650942,시대,35.743,202209,"19,000",6,1994
513,,인천광역시 연수구 청학동 용담로 3,,37.4268633,126.648821,시대,35.743,202210,"20,500",9,1994
514,,인천광역시 연수구 청학동 먼우금로 217,,37.4274399,126.667415,연수푸르지오4단지,135.14,202210,"59,500",13,2011
515,,인천광역시 연수구 청학동 용담로 25,,37.4224813,126.669561,용담마을,49.995,202209,"23,500",2,1994
516,,인천광역시 연수구 청학동 용담로 25,,37.4224813,126.669561,용담마을,49.995,202210,"23,500",2,1994
517,,인천광역시 연수구 청학동 용담로 25,,37.417042,126.677029,용담마을,49.995,202211,"20,000",1,1994
518,,인천광역시 연수구 청학동 용담로 25,,37.4213332,126.671396,용담마을,49.995,202211,"20,800",5,1994
519,,인천광역시 연수구 청학동 계림로 111,,37.4213332,126.671396,현대,138.65,202212,"26,632",9,2000
520,,인천광역시 연수구 청학동 계림로 111,,37.4213332,126.671396,현대,138.65,202212,"26,632",9,2000
521,,인천광역시 연수구 청학동 계림로 111,,37.4213332,126.671396,현대,164.46,202212,"41,000",15,2000
