일련번호,상호명,도로명주소,전화번호,위도,경도,전월세구분,전용면적(㎡),계약년월,보증금(만원),월세(만원),층,건축년도
1,,인천광역시 연수구 송도동 송도문화로28번길 28,,37.3770832,126.6558312,전세,49.32,202209,"18,900",0,3,2013
2,,인천광역시 연수구 송도동 송도문화로28번길 28,,37.3770832,126.6558312,전세,46.13,202209,"18,100",0,4,2013
3,,인천광역시 연수구 송도동 송도문화로28번길 28,,37.3770832,126.6558312,전세,39.95,202209,"16,800",0,21,2013
4,,인천광역시 연수구 송도동 송도문화로28번길 28,,37.3770832,126.6558312,월세,49.32,202209,"2,000",90,4,2013
5,,인천광역시 연수구 송도동 송도문화로28번길 28,,37.3770832,126.6558312,전세,46.32,202209,"22,000",0,18,2013
6,,인천광역시 연수구 송도동 송도문화로28번길 28,,37.3770832,126.6558312,전세,24.25,202209,"14,000",0,7,2013
7,,인천광역시 연수구 송도동 송도문화로28번길 28,,37.3770832,126.6558312,월세,46.32,202209,"2,000",90,30,2013
8,,인천광역시 연수구 송도동 송도문화로28번길 28,,37.3770832,126.6558312,전세,24.25,202209,"14,000",0,10,2013
9,,인천광역시 연수구 송도동 송도문화로28번길 28,,37.3770832,126.6558312,전세,39.95,202209,"16,275",0,3,2013
10,,인천광역시 연수구 송도동 송도과학로28번길 8,,37.38246176,126.6606641,전세,59.52,202209,"26,250",0,16,2020
11,,인천광역시 연수구 송도동 송도과학로28번길 8,,37.38246176,126.6606641,전세,27.74,202209,"15,750",0,7,2020
12,,인천광역시 연수구 송도동 송도과학로28번길 8,,37.38246176,126.6606641,월세,59.04,202209,"1,500",95,11,2020
13,,인천광역시 연수구 송도동 송도과학로28번길 8,,37.38246176,126.6606641,전세,59.15,202209,"28,350",0,21,2020
14,,인천광역시 연수구 송도동 송도과학로28번길 8,,37.38246176,126.6606641,전세,27.06,202209,"16,000",0,13,2020
15,,인천광역시 연수구 송도동 송도과학로28번길 8,,37.38246176,126.6606641,월세,31.95,202209,500,61,10,2020
16,,인천광역시 연수구 송도동 송도과학로28번길 8,,37.38246176,126.6606641,월세,27.43,202209,"1,000",73,13,2020
17,,인천광역시 연수구 송도동 송도과학로28번길 8,,37.38246176,126.6606641,월세,27.74,202209,500,55,13,2020
18,,인천광역시 연수구 송도동 송도과학로28번길 8,,37.38246176,126.6606641,월세,27.43,202209,500,58,11,2020
19,,인천광역시 연수구 송도동 송도과학로28번길 8,,37.38246176,126.6606641,월세,59.04,202209,"1,000",105,13,2020
20,,인천광역시 연수구 송도동 송도과학로28번길 8,,37.38246176,126.6606641,전세,31.95,202209,"15,200",0,9,2020
21,,인천광역시 연수구 송도동 송도과학로28번길 8,,37.38246176,126.6606641,전세,59.88,202209,"26,250",0,4,2020
22,,인천광역시 연수구 송도동 송도과학로28번길 8,,37.38246176,126.6606641,전세,31.95,202209,"19,000",0,6,2020
23,,인천광역시 연수구 송도동 송도과학로28번길 8,,37.38246176,126.6606641,전세,59.75,202209,"27,000",0,23,2020
24,,인천광역시 연수구 송도동 송도과학로28번길 8,,37.38246176,126.6606641,전세,59.52,202209,"25,000",0,21,2020
25,,인천광역시 연수구 송도동 송도과학로28번길 8,,37.38246176,126.6606641,전세,59.2,202209,"26,250",0,8,2020
26,,인천광역시 연수구 송도동 송도과학로28번길 8,,37.38246176,126.6606641,전세,59.75,202210,"26,250",0,10,2020
27,,인천광역시 연수구 송도동 송도과학로28번길 8,,37.38246176,126.6606641,전세,31.95,202210,"17,850",0,8,2020
28,,인천광역시 연수구 송도동 송도과학로28번길 8,,37.38246176,126.6606641,전세,27.8,202210,"10,000",0,10,2020
29,,인천광역시 연수구 송도동 송도과학로28번길 8,,37.38246176,126.6606641,전세,59.22,202210,"26,250",0,17,2020
30,,인천광역시 연수구 송도동 송도과학로28번길 8,,37.38246176,126.6606641,전세,59.43,202210,"26,000",0,7,2020
31,,인천광역시 연수구 송도동 송도과학로28번길 8,,37.38246176,126.6606641,월세,59.68,202210,"3,000",58,15,2020
32,,인천광역시 연수구 송도동 송도과학로28번길 8,,37.38246176,126.6606641,전세,25.92,202210,"16,800",0,13,2020
33,,인천광역시 연수구 송도동 송도과학로28번길 8,,37.38246176,126.6606641,전세,59.79,202210,"27,000",0,17,2020
34,,인천광역시 연수구 송도동 송도과학로28번길 8,,37.38246176,126.6606641,전세,27.06,202210,"18,000",0,4,2020
35,,인천광역시 연수구 송도동 송도과학로28번길 8,,37.38246176,126.6606641,전세,27.06,202210,"18,000",0,4,2020
36,,인천광역시 연수구 송도동 송도과학로28번길 8,,37.38246176,126.6606641,전세,27.41,202210,"18,500",0,9,2020
37,,인천광역시 연수구 송도동 송도과학로28번길 8,,37.38246176,126.6606641,전세,59.2,202210,"27,000",0,13,2020
38,,인천광역시 연수구 송도동 송도과학로28번길 8,,37.38246176,126.6606641,전세,31.95,202210,"16,800",0,13,2020
39,,인천광역시 연수구 송도동 송도과학로28번길 8,,37.38246176,126.6606641,전세,59.83,202211,"28,000",0,16,2020
40,,인천광역시 연수구 송도동 송도과학로28번길 8,,37.38246176,126.6606641,전세,59.65,202211,"27,300",0,8,2020
41,,인천광역시 연수구 송도동 송도과학로28번길 8,,37.38246176,126.6606641,월세,27.8,202211,"6,500",38,3,2020
42,,인천광역시 연수구 송도동 송도과학로28번길 8,,37.38246176,126.6606641,전세,27.43,202211,"18,000",0,12,2020
43,,인천광역시 연수구 송도동 송도과학로28번길 8,,37.38246176,126.6606641,전세,59.12,202211,"25,725",0,6,2020
44,,인천광역시 연수구 송도동 송도과학로28번길 8,,37.38246176,126.6606641,월세,27.43,202211,"1,000",75,3,2020
45,,인천광역시 연수구 송도동 송도과학로28번길 8,,37.38246176,126.6606641,월세,31.95,202211,"1,000",80,8,2020
46,,인천광역시 연수구 송도동 송도과학로28번길 8,,37.38246176,126.6606641,전세,59.06,202211,"26,000",0,18,2020
47,,인천광역시 연수구 송도동 송도과학로28번길 8,,37.38246176,126.6606641,전세,59.79,202211,"26,000",0,8,2020
48,,인천광역시 연수구 송도동 송도과학로28번길 8,,37.38246176,126.6606641,월세,27.74,202211,500,75,8,2020
49,,인천광역시 연수구 송도동 송도과학로28번길 8,,37.38246176,126.6606641,월세,27.41,202212,500,60,10,2020
50,,인천광역시 연수구 송도동 송도과학로28번길 8,,37.38246176,126.6606641,월세,59.65,202212,"5,000",80,11,2020
51,,인천광역시 연수구 송도동 송도과학로28번길 50,,37.37934987,126.657692,전세,31.95,202209,"17,850",0,9,2020
52,,인천광역시 연수구 송도동 송도과학로28번길 50,,37.37934987,126.657692,전세,59.11,202209,"29,000",0,23,2020
53,,인천광역시 연수구 송도동 송도과학로28번길 50,,37.37934987,126.657692,전세,59.75,202209,"26,000",0,19,2020
54,,인천광역시 연수구 송도동 송도과학로28번길 50,,37.37934987,126.657692,월세,27.41,202209,500,60,9,2020
55,,인천광역시 연수구 송도동 송도과학로28번길 50,,37.37934987,126.657692,전세,59.52,202209,"26,250",0,12,2020
56,,인천광역시 연수구 송도동 송도과학로28번길 50,,37.37934987,126.657692,월세,59.2,202209,"2,000",90,5,2020
57,,인천광역시 연수구 송도동 송도과학로28번길 50,,37.37934987,126.657692,전세,59.04,202209,"26,200",0,6,2020
58,,인천광역시 연수구 송도동 송도과학로28번길 50,,37.37934987,126.657692,전세,59.88,202209,"26,250",0,4,2020
59,,인천광역시 연수구 송도동 송도과학로28번길 50,,37.37934987,126.657692,전세,31.95,202209,"17,850",0,9,2020
60,,인천광역시 연수구 송도동 송도과학로28번길 50,,37.37934987,126.657692,월세,59.11,202210,"2,000",96,17,2020
61,,인천광역시 연수구 송도동 송도과학로28번길 50,,37.37934987,126.657692,전세,59.65,202210,"28,350",0,8,2020
62,,인천광역시 연수구 송도동 송도과학로28번길 50,,37.37934987,126.657692,전세,59.04,202210,"25,200",0,10,2020
63,,인천광역시 연수구 송도동 송도과학로28번길 50,,37.37934987,126.657692,전세,59.2,202210,"26,250",0,10,2020
64,,인천광역시 연수구 송도동 송도과학로28번길 50,,37.37934987,126.657692,월세,27.71,202210,500,60,7,2020
65,,인천광역시 연수구 송도동 송도과학로28번길 50,,37.37934987,126.657692,전세,31.95,202210,"17,000",0,7,2020
66,,인천광역시 연수구 송도동 송도과학로28번길 50,,37.37934987,126.657692,전세,59.8,202210,"24,200",0,23,2020
67,,인천광역시 연수구 송도동 송도과학로28번길 50,,37.37934987,126.657692,월세,59.06,202210,"16,000",30,15,2020
68,,인천광역시 연수구 송도동 송도과학로28번길 50,,37.37934987,126.657692,월세,27.74,202210,500,65,5,2020
69,,인천광역시 연수구 송도동 송도과학로28번길 50,,37.37934987,126.657692,월세,59.96,202211,"2,000",135,11,2020
70,,인천광역시 연수구 송도동 송도과학로28번길 50,,37.37934987,126.657692,월세,59.1,202211,"1,050",105,22,2020
71,,인천광역시 연수구 송도동 송도과학로28번길 50,,37.37934987,126.657692,월세,27.41,202211,"1,000",70,3,2020
72,,인천광역시 연수구 송도동 송도과학로28번길 50,,37.37934987,126.657692,월세,27.4,202211,500,60,5,2020
73,,인천광역시 연수구 송도동 송도과학로28번길 50,,37.37934987,126.657692,전세,27.43,202212,"17,000",0,7,2020
74,,인천광역시 연수구 송도동 송도과학로28번길 50,,37.37934987,126.657692,전세,27.8,202212,"15,000",0,3,2020
75,,인천광역시 연수구 송도동 랜드마크로 68,,37.41563898,126.6212329,전세,59.87,202209,"24,000",0,13,2020
76,,인천광역시 연수구 송도동 랜드마크로 68,,37.41563898,126.6212329,전세,59.87,202209,"24,000",0,13,2020
77,,인천광역시 연수구 송도동 랜드마크로 68,,37.41563898,126.6212329,전세,84.9,202209,"26,000",0,20,2020
78,,인천광역시 연수구 송도동 랜드마크로 68,,37.41563898,126.6212329,월세,84.96,202209,"20,000",40,29,2020
79,,인천광역시 연수구 송도동 랜드마크로 68,,37.41563898,126.6212329,전세,84.96,202209,"29,000",0,37,2020
80,,인천광역시 연수구 송도동 랜드마크로 68,,37.41563898,126.6212329,전세,59.87,202209,"25,000",0,16,2020
81,,인천광역시 연수구 송도동 랜드마크로 68,,37.41563898,126.6212329,전세,84.87,202209,"27,500",0,17,2020
82,,인천광역시 연수구 송도동 랜드마크로 68,,37.41563898,126.6212329,전세,29.92,202209,"14,000",0,8,2020
83,,인천광역시 연수구 송도동 랜드마크로 68,,37.41563898,126.6212329,전세,29.92,202209,"12,600",0,22,2020
84,,인천광역시 연수구 송도동 랜드마크로 68,,37.41563898,126.6212329,전세,84.8,202209,"18,900",0,41,2020
85,,인천광역시 연수구 송도동 랜드마크로 68,,37.41563898,126.6212329,전세,84.96,202209,"25,000",0,3,2020
86,,인천광역시 연수구 송도동 랜드마크로 68,,37.41563898,126.6212329,전세,84.96,202209,"26,500",0,7,2020
87,,인천광역시 연수구 송도동 랜드마크로 68,,37.41563898,126.6212329,전세,29.92,202209,"12,700",0,19,2020
88,,인천광역시 연수구 송도동 랜드마크로 68,,37.41563898,126.6212329,월세,84.9,202209,"2,000",120,27,2020
89,,인천광역시 연수구 송도동 랜드마크로 68,,37.41563898,126.6212329,월세,84.8,202209,"5,000",120,42,2020
90,,인천광역시 연수구 송도동 랜드마크로 68,,37.41563898,126.6212329,전세,59.87,202209,"21,000",0,16,2020
91,,인천광역시 연수구 송도동 랜드마크로 68,,37.41563898,126.6212329,전세,84.96,202209,"29,000",0,29,2020
92,,인천광역시 연수구 송도동 랜드마크로 68,,37.41563898,126.6212329,전세,84.96,202209,"21,000",0,6,2020
93,,인천광역시 연수구 송도동 랜드마크로 68,,37.41563898,126.6212329,전세,29.92,202209,"15,000",0,29,2020
94,,인천광역시 연수구 송도동 랜드마크로 68,,37.41563898,126.6212329,전세,84.96,202209,"23,100",0,16,2020
95,,인천광역시 연수구 송도동 랜드마크로 68,,37.41563898,126.6212329,전세,84.8,202209,"28,000",0,27,2020
96,,인천광역시 연수구 송도동 랜드마크로 68,,37.41563898,126.6212329,전세,59.87,202209,"19,290",0,11,2020
97,,인천광역시 연수구 송도동 랜드마크로 68,,37.41563898,126.6212329,전세,29.92,202209,"13,000",0,19,2020
98,,인천광역시 연수구 송도동 랜드마크로 68,,37.41563898,126.6212329,전세,59.87,202209,"21,000",0,12,2020
99,,인천광역시 연수구 송도동 랜드마크로 68,,37.41563898,126.6212329,전세,84.9,202209,"28,000",0,6,2020
100,,인천광역시 연수구 송도동 랜드마크로 68,,37.41563898,126.6212329,월세,84.8,202209,"3,000",130,36,2020
101,,인천광역시 연수구 송도동 랜드마크로 68,,37.41563898,126.6212329,전세,84.96,202209,"21,000",0,34,2020
102,,인천광역시 연수구 송도동 랜드마크로 68,,37.41563898,126.6212329,월세,29.92,202209,"1,000",70,29,2020
103,,인천광역시 연수구 송도동 랜드마크로 68,,37.41563898,126.6212329,전세,59.87,202209,"24,000",0,13,2020
104,,인천광역시 연수구 송도동 랜드마크로 68,,37.41563898,126.6212329,월세,29.92,202209,"10,500",5,26,2020
105,,인천광역시 연수구 송도동 랜드마크로 68,,37.41563898,126.6212329,전세,84.8,202209,"22,700",0,6,2020
106,,인천광역시 연수구 송도동 랜드마크로 68,,37.41563898,126.6212329,전세,84.9,202209,"30,000",0,40,2020
107,,인천광역시 연수구 송도동 랜드마크로 68,,37.41563898,126.6212329,전세,84.97,202209,"24,000",0,37,2020
108,,인천광역시 연수구 송도동 랜드마크로 68,,37.41563898,126.6212329,전세,59.87,202209,"22,050",0,9,2020
109,,인천광역시 연수구 송도동 랜드마크로 68,,37.41563898,126.6212329,전세,29.92,202209,"10,500",0,11,2020
110,,인천광역시 연수구 송도동 랜드마크로 68,,37.41563898,126.6212329,전세,29.92,202210,"11,550",0,22,2020
111,,인천광역시 연수구 송도동 랜드마크로 68,,37.41563898,126.6212329,전세,84.8,202210,"27,000",0,32,2020
112,,인천광역시 연수구 송도동 랜드마크로 68,,37.41563898,126.6212329,전세,29.92,202210,"14,500",0,21,2020
113,,인천광역시 연수구 송도동 랜드마크로 68,,37.41563898,126.6212329,전세,84.87,202211,"24,000",0,40,2020
114,,인천광역시 연수구 송도동 랜드마크로 68,,37.41563898,126.6212329,전세,84.8,202211,"30,000",0,30,2020
115,,인천광역시 연수구 송도동 랜드마크로 68,,37.41563898,126.6212329,전세,59.87,202212,"20,000",0,9,2020
116,,인천광역시 연수구 송도동 랜드마크로 68,,37.41563898,126.6212329,전세,84.97,202212,"25,000",0,26,2020
117,,인천광역시 연수구 송도동 랜드마크로 68,,37.41563898,126.6212329,전세,84.8,202212,"25,000",0,32,2020
118,,인천광역시 연수구 송도동 인천타워대로132번길 9,,37.38467593,126.6411413,월세,19.75,202209,500,50,15,2019
119,,인천광역시 연수구 송도동 인천타워대로132번길 9,,37.38467593,126.6411413,전세,19.35,202209,"9,900",0,19,2019
120,,인천광역시 연수구 송도동 인천타워대로132번길 9,,37.38467593,126.6411413,월세,23.5,202209,500,70,7,2019
121,,인천광역시 연수구 송도동 인천타워대로132번길 9,,37.38467593,126.6411413,전세,27.76,202209,"18,000",0,23,2019
122,,인천광역시 연수구 송도동 인천타워대로132번길 9,,37.38467593,126.6411413,전세,18.5,202209,"14,490",0,40,2019
123,,인천광역시 연수구 송도동 인천타워대로132번길 9,,37.38467593,126.6411413,전세,18.01,202209,"9,370",0,15,2019
124,,인천광역시 연수구 송도동 인천타워대로132번길 9,,37.38467593,126.6411413,전세,27.76,202209,"14,333",0,8,2019
125,,인천광역시 연수구 송도동 인천타워대로132번길 9,,37.38467593,126.6411413,전세,28.81,202209,"15,040",0,14,2019
126,,인천광역시 연수구 송도동 인천타워대로132번길 9,,37.38467593,126.6411413,월세,18.65,202209,500,60,38,2019
127,,인천광역시 연수구 송도동 인천타워대로132번길 9,,37.38467593,126.6411413,월세,54.31,202209,"2,000",130,41,2019
128,,인천광역시 연수구 송도동 인천타워대로132번길 9,,37.38467593,126.6411413,월세,22.69,202209,"1,000",56,28,2019
129,,인천광역시 연수구 송도동 인천타워대로132번길 9,,37.38467593,126.6411413,전세,22.07,202209,"9,371",0,22,2019
130,,인천광역시 연수구 송도동 인천타워대로132번길 9,,37.38467593,126.6411413,월세,18.65,202209,500,53,35,2019
131,,인천광역시 연수구 송도동 인천타워대로132번길 9,,37.38467593,126.6411413,월세,17.98,202209,"2,000",29,39,2019
132,,인천광역시 연수구 송도동 인천타워대로132번길 9,,37.38467593,126.6411413,월세,28.81,202209,500,58,10,2019
133,,인천광역시 연수구 송도동 인천타워대로132번길 9,,37.38467593,126.6411413,월세,22.57,202209,500,68,36,2019
134,,인천광역시 연수구 송도동 인천타워대로132번길 9,,37.38467593,126.6411413,전세,22.57,202209,"16,000",0,25,2019
135,,인천광역시 연수구 송도동 인천타워대로132번길 9,,37.38467593,126.6411413,전세,22.14,202209,"12,600",0,9,2019
136,,인천광역시 연수구 송도동 인천타워대로132번길 9,,37.38467593,126.6411413,전세,22.14,202209,"8,820",0,8,2019
137,,인천광역시 연수구 송도동 인천타워대로132번길 9,,37.38467593,126.6411413,월세,19.32,202209,500,65,16,2019
138,,인천광역시 연수구 송도동 인천타워대로132번길 9,,37.38467593,126.6411413,월세,18.47,202209,500,60,22,2019
139,,인천광역시 연수구 송도동 인천타워대로132번길 9,,37.38467593,126.6411413,전세,23.5,202209,"12,734",0,9,2019
140,,인천광역시 연수구 송도동 인천타워대로132번길 9,,37.38467593,126.6411413,전세,18.65,202209,"14,000",0,23,2019
141,,인천광역시 연수구 송도동 인천타워대로132번길 9,,37.38467593,126.6411413,월세,17.98,202209,500,60,32,2019
142,,인천광역시 연수구 송도동 인천타워대로132번길 9,,37.38467593,126.6411413,월세,18.01,202209,"3,000",37,19,2019
143,,인천광역시 연수구 송도동 인천타워대로132번길 9,,37.38467593,126.6411413,전세,19.32,202209,"12,285",0,23,2019
144,,인천광역시 연수구 송도동 인천타워대로132번길 9,,37.38467593,126.6411413,전세,19.32,202209,"9,975",0,11,2019
145,,인천광역시 연수구 송도동 인천타워대로132번길 9,,37.38467593,126.6411413,전세,22.14,202209,"14,000",0,41,2019
146,,인천광역시 연수구 송도동 인천타워대로132번길 9,,37.38467593,126.6411413,전세,64.74,202209,"26,000",0,31,2019
147,,인천광역시 연수구 송도동 인천타워대로132번길 9,,37.38467593,126.6411413,전세,22.14,202209,"15,750",0,23,2019
148,,인천광역시 연수구 송도동 인천타워대로132번길 9,,37.38467593,126.6411413,전세,22.14,202209,"15,000",0,27,2019
149,,인천광역시 연수구 송도동 인천타워대로132번길 9,,37.38467593,126.6411413,전세,62.68,202209,"25,200",0,36,2019
150,,인천광역시 연수구 송도동 인천타워대로132번길 9,,37.38467593,126.6411413,전세,20.6,202209,"12,285",0,33,2019
151,,인천광역시 연수구 송도동 인천타워대로132번길 9,,37.38467593,126.6411413,월세,18.65,202209,"2,000",48,39,2019
152,,인천광역시 연수구 송도동 인천타워대로132번길 9,,37.38467593,126.6411413,전세,18.47,202209,"14,000",0,41,2019
153,,인천광역시 연수구 송도동 인천타워대로132번길 9,,37.38467593,126.6411413,전세,19.73,202209,"14,000",0,9,2019
154,,인천광역시 연수구 송도동 인천타워대로132번길 9,,37.38467593,126.6411413,월세,23.01,202209,500,70,29,2019
155,,인천광역시 연수구 송도동 인천타워대로132번길 9,,37.38467593,126.6411413,전세,23.01,202209,"13,650",0,21,2019
156,,인천광역시 연수구 송도동 인천타워대로132번길 9,,37.38467593,126.6411413,월세,27.76,202209,500,61,9,2019
157,,인천광역시 연수구 송도동 인천타워대로132번길 9,,37.38467593,126.6411413,월세,27.76,202209,"1,000",80,11,2019
158,,인천광역시 연수구 송도동 인천타워대로132번길 9,,37.38467593,126.6411413,전세,18.01,202209,"9,870",0,40,2019
159,,인천광역시 연수구 송도동 인천타워대로132번길 9,,37.38467593,126.6411413,전세,19.75,202210,"13,650",0,23,2019
160,,인천광역시 연수구 송도동 인천타워대로132번길 9,,37.38467593,126.6411413,전세,23.01,202210,"13,300",0,14,2019
161,,인천광역시 연수구 송도동 인천타워대로132번길 9,,37.38467593,126.6411413,월세,18.5,202210,"3,300",22,21,2019
162,,인천광역시 연수구 송도동 인천타워대로132번길 9,,37.38467593,126.6411413,월세,22.36,202210,500,45,22,2019
163,,인천광역시 연수구 송도동 인천타워대로132번길 9,,37.38467593,126.6411413,월세,20.6,202210,500,60,11,2019
164,,인천광역시 연수구 송도동 인천타워대로132번길 9,,37.38467593,126.6411413,월세,27.76,202210,500,63,12,2019
165,,인천광역시 연수구 송도동 인천타워대로132번길 9,,37.38467593,126.6411413,전세,22.86,202210,"13,000",0,12,2019
166,,인천광역시 연수구 송도동 인천타워대로132번길 9,,37.38467593,126.6411413,월세,23.5,202210,"1,000",57,23,2019
167,,인천광역시 연수구 송도동 인천타워대로132번길 9,,37.38467593,126.6411413,전세,20.01,202210,"14,000",0,13,2019
168,,인천광역시 연수구 송도동 인천타워대로132번길 9,,37.38467593,126.6411413,전세,19.32,202210,"11,576",0,12,2019
169,,인천광역시 연수구 송도동 인천타워대로132번길 9,,37.38467593,126.6411413,월세,23.01,202210,500,65,15,2019
170,,인천광역시 연수구 송도동 인천타워대로132번길 9,,37.38467593,126.6411413,월세,18.65,202210,500,60,21,2019
171,,인천광역시 연수구 송도동 인천타워대로132번길 9,,37.38467593,126.6411413,월세,20.6,202210,500,42,10,2019
172,,인천광역시 연수구 송도동 인천타워대로132번길 9,,37.38467593,126.6411413,전세,23.01,202210,"13,000",0,35,2019
173,,인천광역시 연수구 송도동 인천타워대로132번길 9,,37.38467593,126.6411413,월세,23.5,202210,500,67,8,2019
174,,인천광역시 연수구 송도동 인천타워대로132번길 9,,37.38467593,126.6411413,월세,19.75,202210,"5,000",42,8,2019
175,,인천광역시 연수구 송도동 인천타워대로132번길 9,,37.38467593,126.6411413,전세,18.5,202210,"12,500",0,37,2019
176,,인천광역시 연수구 송도동 인천타워대로132번길 9,,37.38467593,126.6411413,전세,23.01,202210,"9,450",0,28,2019
177,,인천광역시 연수구 송도동 인천타워대로132번길 9,,37.38467593,126.6411413,전세,19.75,202210,"11,000",0,15,2019
178,,인천광역시 연수구 송도동 인천타워대로132번길 9,,37.38467593,126.6411413,월세,19.32,202210,500,65,23,2019
179,,인천광역시 연수구 송도동 인천타워대로132번길 9,,37.38467593,126.6411413,월세,22.14,202210,500,70,36,2019
180,,인천광역시 연수구 송도동 인천타워대로132번길 9,,37.38467593,126.6411413,전세,19.32,202210,"14,500",0,20,2019
181,,인천광역시 연수구 송도동 인천타워대로132번길 9,,37.38467593,126.6411413,월세,18.5,202210,"3,000",40,17,2019
182,,인천광역시 연수구 송도동 인천타워대로132번길 9,,37.38467593,126.6411413,월세,23.01,202210,500,70,26,2019
183,,인천광역시 연수구 송도동 인천타워대로132번길 9,,37.38467593,126.6411413,월세,18.65,202210,500,46,12,2019
184,,인천광역시 연수구 송도동 인천타워대로132번길 9,,37.38467593,126.6411413,전세,17.98,202210,"12,600",0,32,2019
185,,인천광역시 연수구 송도동 인천타워대로132번길 9,,37.38467593,126.6411413,전세,53.29,202210,"26,000",0,36,2019
186,,인천광역시 연수구 송도동 인천타워대로132번길 9,,37.38467593,126.6411413,월세,23.01,202210,"2,000",55,33,2019
187,,인천광역시 연수구 송도동 인천타워대로132번길 9,,37.38467593,126.6411413,월세,27.76,202210,"1,000",80,18,2019
188,,인천광역시 연수구 송도동 인천타워대로132번길 9,,37.38467593,126.6411413,전세,22.14,202210,"13,650",0,39,2019
189,,인천광역시 연수구 송도동 인천타워대로132번길 9,,37.38467593,126.6411413,전세,20.6,202210,"8,820",0,14,2019
190,,인천광역시 연수구 송도동 인천타워대로132번길 9,,37.38467593,126.6411413,전세,27.76,202210,"18,000",0,26,2019
191,,인천광역시 연수구 송도동 인천타워대로132번길 9,,37.38467593,126.6411413,전세,22.07,202210,"14,000",0,15,2019
192,,인천광역시 연수구 송도동 인천타워대로132번길 9,,37.38467593,126.6411413,월세,19.35,202210,"1,000",60,13,2019
193,,인천광역시 연수구 송도동 인천타워대로132번길 9,,37.38467593,126.6411413,전세,22.14,202210,"13,230",0,38,2019
194,,인천광역시 연수구 송도동 인천타워대로132번길 9,,37.38467593,126.6411413,전세,22.07,202210,"13,000",0,15,2019
195,,인천광역시 연수구 송도동 인천타워대로132번길 9,,37.38467593,126.6411413,전세,19.32,202210,"12,000",0,14,2019
196,,인천광역시 연수구 송도동 인천타워대로132번길 9,,37.38467593,126.6411413,전세,20.01,202210,"10,474",0,7,2019
197,,인천광역시 연수구 송도동 인천타워대로132번길 9,,37.38467593,126.6411413,전세,22.14,202210,"11,025",0,39,2019
198,,인천광역시 연수구 송도동 인천타워대로132번길 9,,37.38467593,126.6411413,전세,17.98,202210,"13,500",0,11,2019
199,,인천광역시 연수구 송도동 인천타워대로132번길 9,,37.38467593,126.6411413,월세,23.01,202210,500,65,35,2019
200,,인천광역시 연수구 송도동 인천타워대로132번길 9,,37.38467593,126.6411413,월세,17.98,202210,"1,000",40,20,2019
201,,인천광역시 연수구 송도동 인천타워대로132번길 9,,37.38467593,126.6411413,전세,22.14,202210,"13,500",0,34,2019
202,,인천광역시 연수구 송도동 인천타워대로132번길 9,,37.38467593,126.6411413,전세,64.74,202210,"22,000",0,30,2019
203,,인천광역시 연수구 송도동 인천타워대로132번길 9,,37.38467593,126.6411413,전세,18.01,202210,"13,500",0,34,2019
204,,인천광역시 연수구 송도동 인천타워대로132번길 9,,37.38467593,126.6411413,전세,18.01,202210,"12,500",0,19,2019
205,,인천광역시 연수구 송도동 인천타워대로132번길 9,,37.38467593,126.6411413,전세,55.01,202210,"20,000",0,35,2019
206,,인천광역시 연수구 송도동 인천타워대로132번길 9,,37.38467593,126.6411413,전세,22.14,202211,"13,100",0,23,2019
207,,인천광역시 연수구 송도동 인천타워대로132번길 9,,37.38467593,126.6411413,월세,22.14,202211,500,70,27,2019
208,,인천광역시 연수구 송도동 인천타워대로132번길 9,,37.38467593,126.6411413,월세,23.01,202211,500,70,29,2019
209,,인천광역시 연수구 송도동 인천타워대로132번길 9,,37.38467593,126.6411413,월세,20.6,202211,"2,000",36,39,2019
210,,인천광역시 연수구 송도동 인천타워대로132번길 9,,37.38467593,126.6411413,월세,17.98,202211,500,60,33,2019
211,,인천광역시 연수구 송도동 인천타워대로132번길 9,,37.38467593,126.6411413,월세,53.29,202211,"1,500",140,40,2019
212,,인천광역시 연수구 송도동 인천타워대로132번길 9,,37.38467593,126.6411413,전세,17.98,202211,"7,700",0,8,2019
213,,인천광역시 연수구 송도동 인천타워대로132번길 9,,37.38467593,126.6411413,전세,22.14,202211,"10,473",0,36,2019
214,,인천광역시 연수구 송도동 인천타워대로132번길 9,,37.38467593,126.6411413,월세,23.01,202211,"8,300",14,10,2019
215,,인천광역시 연수구 송도동 인천타워대로132번길 9,,37.38467593,126.6411413,월세,18.47,202211,"10,000",25,23,2019
216,,인천광역시 연수구 송도동 인천타워대로132번길 9,,37.38467593,126.6411413,월세,23.5,202211,500,65,10,2019
217,,인천광역시 연수구 송도동 인천타워대로132번길 9,,37.38467593,126.6411413,월세,18.5,202211,"4,000",24,18,2019
218,,인천광역시 연수구 송도동 인천타워대로132번길 9,,37.38467593,126.6411413,월세,28.81,202211,500,85,27,2019
219,,인천광역시 연수구 송도동 인천타워대로132번길 9,,37.38467593,126.6411413,월세,20.6,202211,500,39,10,2019
220,,인천광역시 연수구 송도동 인천타워대로132번길 9,,37.38467593,126.6411413,월세,18.47,202211,"10,000",25,35,2019
221,,인천광역시 연수구 송도동 인천타워대로132번길 9,,37.38467593,126.6411413,전세,22.14,202211,"14,000",0,10,2019
222,,인천광역시 연수구 송도동 인천타워대로132번길 9,,37.38467593,126.6411413,전세,22.86,202211,"8,400",0,12,2019
223,,인천광역시 연수구 송도동 인천타워대로132번길 9,,37.38467593,126.6411413,월세,22.14,202211,500,70,37,2019
224,,인천광역시 연수구 송도동 인천타워대로132번길 9,,37.38467593,126.6411413,전세,18.5,202211,"10,000",0,9,2019
225,,인천광역시 연수구 송도동 인천타워대로132번길 9,,37.38467593,126.6411413,전세,18.01,202211,"12,300",0,27,2019
226,,인천광역시 연수구 송도동 인천타워대로132번길 9,,37.38467593,126.6411413,월세,22.14,202211,490,49,23,2019
227,,인천광역시 연수구 송도동 인천타워대로132번길 9,,37.38467593,126.6411413,월세,22.07,202211,500,65,16,2019
228,,인천광역시 연수구 송도동 인천타워대로132번길 9,,37.38467593,126.6411413,전세,23.01,202211,"14,000",0,8,2019
229,,인천광역시 연수구 송도동 인천타워대로132번길 9,,37.38467593,126.6411413,전세,20.6,202211,"13,000",0,28,2019
230,,인천광역시 연수구 송도동 인천타워대로132번길 9,,37.38467593,126.6411413,월세,23.01,202211,500,65,8,2019
231,,인천광역시 연수구 송도동 인천타워대로132번길 9,,37.38467593,126.6411413,전세,22.57,202211,"11,025",0,19,2019
232,,인천광역시 연수구 송도동 인천타워대로132번길 9,,37.38467593,126.6411413,전세,18.01,202211,"7,870",0,32,2019
233,,인천광역시 연수구 송도동 인천타워대로132번길 9,,37.38467593,126.6411413,전세,18.65,202212,"11,500",0,9,2019
234,,인천광역시 연수구 송도동 인천타워대로132번길 9,,37.38467593,126.6411413,전세,23.01,202212,"13,000",0,27,2019
235,,인천광역시 연수구 송도동 인천타워대로132번길 9,,37.38467593,126.6411413,전세,22.14,202212,"13,781",0,36,2019
236,,인천광역시 연수구 송도동 인천타워대로132번길 9,,37.38467593,126.6411413,월세,22.14,202212,500,70,40,2019
237,,인천광역시 연수구 송도동 인천타워대로132번길 9,,37.38467593,126.6411413,월세,18.47,202212,500,43,37,2019
238,,인천광역시 연수구 송도동 인천타워대로132번길 9,,37.38467593,126.6411413,월세,23.01,202212,500,63,20,2019
239,,인천광역시 연수구 송도동 인천타워대로132번길 9,,37.38467593,126.6411413,월세,18.5,202212,500,60,12,2019
240,,인천광역시 연수구 송도동 인천타워대로132번길 9,,37.38467593,126.6411413,월세,23.01,202212,500,44,12,2019
241,,인천광역시 연수구 송도동 인천타워대로132번길 9,,37.38467593,126.6411413,전세,22.57,202212,"12,510",0,10,2019
242,,인천광역시 연수구 송도동 인천타워대로132번길 9,,37.38467593,126.6411413,전세,19.35,202212,"13,000",0,21,2019
243,,인천광역시 연수구 송도동 인천타워대로132번길 9,,37.38467593,126.6411413,전세,28.81,202212,"16,800",0,25,2019
244,,인천광역시 연수구 송도동 인천타워대로132번길 9,,37.38467593,126.6411413,월세,18.01,202212,500,62,31,2019
245,,인천광역시 연수구 송도동 인천타워대로132번길 9,,37.38467593,126.6411413,월세,18.65,202212,500,37,15,2019
246,,인천광역시 연수구 송도동 인천타워대로132번길 9,,37.38467593,126.6411413,월세,19.32,202212,500,63,8,2019
247,,인천광역시 연수구 송도동 인천타워대로132번길 9,,37.38467593,126.6411413,전세,22.86,202212,"13,500",0,11,2019
248,,인천광역시 연수구 송도동 인천타워대로132번길 9,,37.38467593,126.6411413,월세,18.65,202212,500,48,37,2019
249,,인천광역시 연수구 송도동 인천타워대로132번길 9,,37.38467593,126.6411413,전세,18.47,202212,"12,900",0,36,2019
250,,인천광역시 연수구 송도동 인천타워대로132번길 9,,37.38467593,126.6411413,전세,22.57,202212,"14,500",0,15,2019
251,,인천광역시 연수구 송도동 인천타워대로132번길 9,,37.38467593,126.6411413,전세,18.47,202212,"12,000",0,10,2019
252,,인천광역시 연수구 송도동 인천타워대로132번길 9,,37.38467593,126.6411413,전세,22.57,202212,"14,000",0,8,2019
253,,인천광역시 연수구 송도동 인천타워대로132번길 9,,37.38467593,126.6411413,전세,19.32,202212,"12,500",0,14,2019
254,,인천광역시 연수구 송도동 인천타워대로132번길 9,,37.38467593,126.6411413,월세,22.14,202212,"2,000",22,14,2019
255,,인천광역시 연수구 송도동 인천타워대로132번길 9,,37.38467593,126.6411413,전세,22.14,202212,"15,000",0,38,2019
256,,인천광역시 연수구 송도동 인천타워대로132번길 9,,37.38467593,126.6411413,전세,20.6,202212,"13,500",0,31,2019
257,,인천광역시 연수구 송도동 인천타워대로132번길 9,,37.38467593,126.6411413,전세,22.14,202212,"14,000",0,8,2019
258,,인천광역시 연수구 송도동 인천타워대로132번길 9,,37.38467593,126.6411413,월세,23.01,202212,"2,000",50,18,2019
259,,인천광역시 연수구 송도동 인천타워대로132번길 9,,37.38467593,126.6411413,전세,17.98,202212,"12,600",0,23,2019
260,,인천광역시 연수구 송도동 인천타워대로132번길 9,,37.38467593,126.6411413,전세,17.98,202212,"12,000",0,14,2019
261,,인천광역시 연수구 송도동 인천타워대로132번길 9,,37.38467593,126.6411413,전세,23.01,202212,"15,000",0,12,2019
262,,인천광역시 연수구 송도동 인천타워대로132번길 9,,37.38467593,126.6411413,전세,27.76,202301,"16,800",0,32,2019
263,,인천광역시 연수구 송도동 인천타워대로132번길 9,,37.38467593,126.6411413,월세,27.76,202301,"1,000",80,20,2019
264,,인천광역시 연수구 송도동 송도과학로27번길 55,,37.38803691,126.6642625,전세,34.68,202209,"18,000",0,37,2016
265,,인천광역시 연수구 송도동 송도과학로27번길 55,,37.38803691,126.6642625,월세,34.68,202209,"1,000",75,18,2016
266,,인천광역시 연수구 송도동 송도과학로27번길 55,,37.38803691,126.6642625,전세,34.68,202209,"16,800",0,42,2016
267,,인천광역시 연수구 송도동 송도과학로27번길 55,,37.38803691,126.6642625,월세,33.34,202209,"4,000",58,14,2016
268,,인천광역시 연수구 송도동 송도과학로27번길 55,,37.38803691,126.6642625,월세,29.83,202209,500,65,15,2016
269,,인천광역시 연수구 송도동 송도과학로27번길 55,,37.38803691,126.6642625,전세,34.68,202209,"18,800",0,44,2016
270,,인천광역시 연수구 송도동 송도과학로27번길 55,,37.38803691,126.6642625,월세,34.68,202209,"1,000",75,17,2016
271,,인천광역시 연수구 송도동 송도과학로27번길 55,,37.38803691,126.6642625,월세,34.68,202209,"5,000",55,24,2016
272,,인천광역시 연수구 송도동 송도과학로27번길 55,,37.38803691,126.6642625,월세,27.16,202209,500,53,12,2016
273,,인천광역시 연수구 송도동 송도과학로27번길 55,,37.38803691,126.6642625,전세,33.42,202209,"18,000",0,42,2016
274,,인천광역시 연수구 송도동 송도과학로27번길 55,,37.38803691,126.6642625,전세,26.32,202209,"14,000",0,9,2016
275,,인천광역시 연수구 송도동 송도과학로27번길 55,,37.38803691,126.6642625,전세,34.55,202209,"16,538",0,8,2016
276,,인천광역시 연수구 송도동 송도과학로27번길 55,,37.38803691,126.6642625,월세,34.68,202209,500,68,13,2016
277,,인천광역시 연수구 송도동 송도과학로27번길 55,,37.38803691,126.6642625,전세,33.42,202209,"16,800",0,40,2016
278,,인천광역시 연수구 송도동 송도과학로27번길 55,,37.38803691,126.6642625,월세,33.34,202209,"1,000",72,9,2016
279,,인천광역시 연수구 송도동 송도과학로27번길 55,,37.38803691,126.6642625,전세,34.68,202209,"17,500",0,21,2016
280,,인천광역시 연수구 송도동 송도과학로27번길 55,,37.38803691,126.6642625,전세,34.68,202209,"16,800",0,42,2016
281,,인천광역시 연수구 송도동 송도과학로27번길 55,,37.38803691,126.6642625,전세,34.68,202209,"18,500",0,46,2016
282,,인천광역시 연수구 송도동 송도과학로27번길 55,,37.38803691,126.6642625,월세,34.68,202209,"1,000",75,22,2016
283,,인천광역시 연수구 송도동 송도과학로27번길 55,,37.38803691,126.6642625,전세,34.68,202209,"16,800",0,32,2016
284,,인천광역시 연수구 송도동 송도과학로27번길 55,,37.38803691,126.6642625,월세,26.32,202209,500,58,14,2016
285,,인천광역시 연수구 송도동 송도과학로27번길 55,,37.38803691,126.6642625,전세,33.42,202209,"18,000",0,39,2016
286,,인천광역시 연수구 송도동 송도과학로27번길 55,,37.38803691,126.6642625,월세,33.34,202209,"1,000",70,14,2016
287,,인천광역시 연수구 송도동 송도과학로27번길 55,,37.38803691,126.6642625,전세,28.09,202209,"15,500",0,14,2016
288,,인천광역시 연수구 송도동 송도과학로27번길 55,,37.38803691,126.6642625,월세,34.68,202209,"1,000",75,12,2016
289,,인천광역시 연수구 송도동 송도과학로27번길 55,,37.38803691,126.6642625,전세,34.68,202209,"19,000",0,43,2016
290,,인천광역시 연수구 송도동 송도과학로27번길 55,,37.38803691,126.6642625,월세,33.34,202209,500,73,12,2016
291,,인천광역시 연수구 송도동 송도과학로27번길 55,,37.38803691,126.6642625,전세,34.68,202209,"16,800",0,33,2016
292,,인천광역시 연수구 송도동 송도과학로27번길 55,,37.38803691,126.6642625,전세,34.68,202209,"17,500",0,12,2016
293,,인천광역시 연수구 송도동 송도과학로27번길 55,,37.38803691,126.6642625,전세,34.55,202209,"17,325",0,9,2016
294,,인천광역시 연수구 송도동 송도과학로27번길 55,,37.38803691,126.6642625,전세,26.32,202209,"15,000",0,9,2016
295,,인천광역시 연수구 송도동 송도과학로27번길 55,,37.38803691,126.6642625,월세,34.68,202209,"1,000",75,23,2016
296,,인천광역시 연수구 송도동 송도과학로27번길 55,,37.38803691,126.6642625,전세,34.68,202209,"18,000",0,30,2016
297,,인천광역시 연수구 송도동 송도과학로27번길 55,,37.38803691,126.6642625,전세,34.55,202209,"19,000",0,11,2016
298,,인천광역시 연수구 송도동 송도과학로27번길 55,,37.38803691,126.6642625,월세,34.68,202209,500,68,26,2016
299,,인천광역시 연수구 송도동 송도과학로27번길 55,,37.38803691,126.6642625,전세,34.68,202209,"16,200",0,22,2016
300,,인천광역시 연수구 송도동 송도과학로27번길 55,,37.38803691,126.6642625,전세,34.68,202209,"17,000",0,37,2016
301,,인천광역시 연수구 송도동 송도과학로27번길 55,,37.38803691,126.6642625,전세,34.68,202209,"17,000",0,13,2016
302,,인천광역시 연수구 송도동 송도과학로27번길 55,,37.38803691,126.6642625,전세,34.55,202209,"17,300",0,9,2016
303,,인천광역시 연수구 송도동 송도과학로27번길 55,,37.38803691,126.6642625,월세,34.55,202209,"1,000",75,14,2016
304,,인천광역시 연수구 송도동 송도과학로27번길 55,,37.38803691,126.6642625,전세,34.68,202209,"16,800",0,23,2016
305,,인천광역시 연수구 송도동 송도과학로27번길 55,,37.38803691,126.6642625,전세,34.68,202209,"17,300",0,22,2016
306,,인천광역시 연수구 송도동 송도과학로27번길 55,,37.38803691,126.6642625,전세,33.42,202209,"17,000",0,39,2016
307,,인천광역시 연수구 송도동 송도과학로27번길 55,,37.38803691,126.6642625,전세,34.55,202209,"17,000",0,8,2016
308,,인천광역시 연수구 송도동 송도과학로27번길 55,,37.38803691,126.6642625,전세,34.68,202210,"17,000",0,43,2016
309,,인천광역시 연수구 송도동 송도과학로27번길 55,,37.38803691,126.6642625,전세,34.68,202210,"17,640",0,20,2016
310,,인천광역시 연수구 송도동 송도과학로27번길 55,,37.38803691,126.6642625,전세,34.68,202210,"14,191",0,21,2016
311,,인천광역시 연수구 송도동 송도과학로27번길 55,,37.38803691,126.6642625,월세,34.68,202210,500,70,10,2016
312,,인천광역시 연수구 송도동 송도과학로27번길 55,,37.38803691,126.6642625,전세,34.68,202210,"16,800",0,9,2016
313,,인천광역시 연수구 송도동 송도과학로27번길 55,,37.38803691,126.6642625,전세,34.68,202210,"16,800",0,35,2016
314,,인천광역시 연수구 송도동 송도과학로27번길 55,,37.38803691,126.6642625,월세,26.32,202210,500,50,12,2016
315,,인천광역시 연수구 송도동 송도과학로27번길 55,,37.38803691,126.6642625,전세,28.09,202210,"14,500",0,6,2016
316,,인천광역시 연수구 송도동 송도과학로27번길 55,,37.38803691,126.6642625,전세,33.42,202210,"18,000",0,40,2016
317,,인천광역시 연수구 송도동 송도과학로27번길 55,,37.38803691,126.6642625,전세,26.32,202210,"14,000",0,10,2016
318,,인천광역시 연수구 송도동 송도과학로27번길 55,,37.38803691,126.6642625,월세,26.6,202210,"1,000",65,9,2016
319,,인천광역시 연수구 송도동 송도과학로27번길 55,,37.38803691,126.6642625,월세,33.42,202210,"1,000",75,46,2016
320,,인천광역시 연수구 송도동 송도과학로27번길 55,,37.38803691,126.6642625,월세,34.55,202210,500,70,14,2016
321,,인천광역시 연수구 송도동 송도과학로27번길 55,,37.38803691,126.6642625,월세,34.68,202210,"2,000",70,8,2016
322,,인천광역시 연수구 송도동 송도과학로27번길 55,,37.38803691,126.6642625,전세,34.68,202210,"16,800",0,44,2016
323,,인천광역시 연수구 송도동 송도과학로27번길 55,,37.38803691,126.6642625,전세,34.55,202210,"16,800",0,8,2016
324,,인천광역시 연수구 송도동 송도과학로27번길 55,,37.38803691,126.6642625,전세,34.68,202210,"15,000",0,7,2016
325,,인천광역시 연수구 송도동 송도과학로27번길 55,,37.38803691,126.6642625,전세,33.34,202210,"16,800",0,5,2016
326,,인천광역시 연수구 송도동 송도과학로27번길 55,,37.38803691,126.6642625,월세,29.83,202210,500,59,6,2016
327,,인천광역시 연수구 송도동 송도과학로27번길 55,,37.38803691,126.6642625,월세,26.6,202210,"1,000",63,27,2016
328,,인천광역시 연수구 송도동 송도과학로27번길 55,,37.38803691,126.6642625,전세,34.68,202210,"16,500",0,44,2016
329,,인천광역시 연수구 송도동 송도과학로27번길 55,,37.38803691,126.6642625,전세,34.68,202210,"17,500",0,33,2016
330,,인천광역시 연수구 송도동 송도과학로27번길 55,,37.38803691,126.6642625,전세,26.6,202210,"15,435",0,24,2016
331,,인천광역시 연수구 송도동 송도과학로27번길 55,,37.38803691,126.6642625,전세,34.55,202210,"16,800",0,6,2016
332,,인천광역시 연수구 송도동 송도과학로27번길 55,,37.38803691,126.6642625,전세,33.42,202210,"17,000",0,36,2016
333,,인천광역시 연수구 송도동 송도과학로27번길 55,,37.38803691,126.6642625,월세,33.42,202210,"1,000",75,46,2016
334,,인천광역시 연수구 송도동 송도과학로27번길 55,,37.38803691,126.6642625,전세,33.34,202210,"16,000",0,7,2016
335,,인천광역시 연수구 송도동 송도과학로27번길 55,,37.38803691,126.6642625,전세,27.16,202210,"15,000",0,15,2016
336,,인천광역시 연수구 송도동 송도과학로27번길 55,,37.38803691,126.6642625,전세,34.68,202210,"16,000",0,30,2016
337,,인천광역시 연수구 송도동 송도과학로27번길 55,,37.38803691,126.6642625,전세,34.68,202210,"17,063",0,20,2016
338,,인천광역시 연수구 송도동 송도과학로27번길 55,,37.38803691,126.6642625,전세,34.55,202210,"17,300",0,11,2016
339,,인천광역시 연수구 송도동 송도과학로27번길 55,,37.38803691,126.6642625,전세,34.55,202210,"16,800",0,9,2016
340,,인천광역시 연수구 송도동 송도과학로27번길 55,,37.38803691,126.6642625,전세,34.68,202210,"16,800",0,13,2016
341,,인천광역시 연수구 송도동 송도과학로27번길 55,,37.38803691,126.6642625,전세,34.55,202210,"16,000",0,10,2016
342,,인천광역시 연수구 송도동 송도과학로27번길 55,,37.38803691,126.6642625,전세,34.55,202211,"16,000",0,13,2016
343,,인천광역시 연수구 송도동 송도과학로27번길 55,,37.38803691,126.6642625,전세,34.68,202211,"17,850",0,34,2016
344,,인천광역시 연수구 송도동 송도과학로27번길 55,,37.38803691,126.6642625,월세,34.68,202211,"1,000",77,8,2016
345,,인천광역시 연수구 송도동 송도과학로27번길 55,,37.38803691,126.6642625,전세,34.68,202211,"17,000",0,42,2016
346,,인천광역시 연수구 송도동 송도과학로27번길 55,,37.38803691,126.6642625,전세,34.55,202211,"16,000",0,14,2016
347,,인천광역시 연수구 송도동 송도과학로27번길 55,,37.38803691,126.6642625,전세,34.55,202211,"16,400",0,14,2016
348,,인천광역시 연수구 송도동 송도과학로27번길 55,,37.38803691,126.6642625,전세,34.68,202211,"17,850",0,24,2016
349,,인천광역시 연수구 송도동 송도과학로27번길 55,,37.38803691,126.6642625,월세,34.68,202211,"2,000",70,18,2016
350,,인천광역시 연수구 송도동 송도과학로27번길 55,,37.38803691,126.6642625,전세,34.68,202211,"16,800",0,44,2016
351,,인천광역시 연수구 송도동 송도과학로27번길 55,,37.38803691,126.6642625,전세,34.68,202211,"17,000",0,46,2016
352,,인천광역시 연수구 송도동 송도과학로27번길 55,,37.38803691,126.6642625,월세,34.68,202211,"1,000",58,16,2016
353,,인천광역시 연수구 송도동 송도과학로27번길 55,,37.38803691,126.6642625,전세,34.68,202211,"17,000",0,38,2016
354,,인천광역시 연수구 송도동 송도과학로27번길 55,,37.38803691,126.6642625,월세,34.68,202211,"1,000",66,36,2016
355,,인천광역시 연수구 송도동 송도과학로27번길 55,,37.38803691,126.6642625,전세,34.68,202211,"16,750",0,15,2016
356,,인천광역시 연수구 송도동 송도과학로27번길 55,,37.38803691,126.6642625,전세,27.16,202211,"15,500",0,10,2016
357,,인천광역시 연수구 송도동 송도과학로27번길 55,,37.38803691,126.6642625,월세,33.42,202211,500,75,31,2016
358,,인천광역시 연수구 송도동 송도과학로27번길 55,,37.38803691,126.6642625,월세,34.68,202211,"7,000",24,30,2016
359,,인천광역시 연수구 송도동 송도과학로27번길 55,,37.38803691,126.6642625,전세,26.6,202211,"14,700",0,17,2016
360,,인천광역시 연수구 송도동 송도과학로27번길 55,,37.38803691,126.6642625,전세,34.68,202211,"16,000",0,8,2016
361,,인천광역시 연수구 송도동 송도과학로27번길 55,,37.38803691,126.6642625,월세,34.68,202211,500,80,27,2016
362,,인천광역시 연수구 송도동 송도과학로27번길 55,,37.38803691,126.6642625,전세,34.68,202211,"16,800",0,37,2016
363,,인천광역시 연수구 송도동 송도과학로27번길 55,,37.38803691,126.6642625,전세,26.32,202211,"15,000",0,9,2016
364,,인천광역시 연수구 송도동 송도과학로27번길 55,,37.38803691,126.6642625,월세,34.68,202211,"3,000",55,38,2016
365,,인천광역시 연수구 송도동 송도과학로27번길 55,,37.38803691,126.6642625,전세,34.68,202211,"16,500",0,7,2016
366,,인천광역시 연수구 송도동 송도과학로27번길 55,,37.38803691,126.6642625,월세,34.55,202211,"1,000",75,7,2016
367,,인천광역시 연수구 송도동 송도과학로27번길 55,,37.38803691,126.6642625,월세,33.42,202211,"5,000",55,45,2016
368,,인천광역시 연수구 송도동 송도과학로27번길 55,,37.38803691,126.6642625,전세,34.68,202211,"16,000",0,8,2016
369,,인천광역시 연수구 송도동 송도과학로27번길 55,,37.38803691,126.6642625,월세,34.68,202211,"1,000",70,22,2016
370,,인천광역시 연수구 송도동 송도과학로27번길 55,,37.38803691,126.6642625,월세,34.68,202211,"1,000",75,16,2016
371,,인천광역시 연수구 송도동 송도과학로27번길 55,,37.38803691,126.6642625,월세,33.34,202211,"1,000",72,11,2016
372,,인천광역시 연수구 송도동 송도과학로27번길 55,,37.38803691,126.6642625,월세,34.55,202211,"4,000",55,13,2016
373,,인천광역시 연수구 송도동 송도과학로27번길 55,,37.38803691,126.6642625,월세,34.68,202211,"1,000",68,38,2016
374,,인천광역시 연수구 송도동 송도과학로27번길 55,,37.38803691,126.6642625,전세,33.42,202211,"16,150",0,38,2016
375,,인천광역시 연수구 송도동 송도과학로27번길 55,,37.38803691,126.6642625,월세,34.68,202211,"2,000",65,20,2016
376,,인천광역시 연수구 송도동 송도과학로27번길 55,,37.38803691,126.6642625,월세,26.32,202211,500,53,7,2016
377,,인천광역시 연수구 송도동 송도과학로27번길 55,,37.38803691,126.6642625,전세,34.68,202211,"16,800",0,9,2016
378,,인천광역시 연수구 송도동 송도과학로27번길 55,,37.38803691,126.6642625,전세,34.68,202211,"16,695",0,5,2016
379,,인천광역시 연수구 송도동 송도과학로27번길 55,,37.38803691,126.6642625,전세,26.6,202211,"14,500",0,18,2016
380,,인천광역시 연수구 송도동 송도과학로27번길 55,,37.38803691,126.6642625,전세,34.68,202211,"16,675",0,8,2016
381,,인천광역시 연수구 송도동 송도과학로27번길 55,,37.38803691,126.6642625,전세,34.55,202211,"16,500",0,8,2016
382,,인천광역시 연수구 송도동 송도과학로27번길 55,,37.38803691,126.6642625,전세,34.68,202211,"17,500",0,14,2016
383,,인천광역시 연수구 송도동 송도과학로27번길 55,,37.38803691,126.6642625,전세,34.55,202211,"16,800",0,4,2016
384,,인천광역시 연수구 송도동 송도과학로27번길 55,,37.38803691,126.6642625,전세,26.6,202212,"14,800",0,26,2016
385,,인천광역시 연수구 송도동 송도과학로27번길 55,,37.38803691,126.6642625,전세,34.55,202212,"16,500",0,14,2016
386,,인천광역시 연수구 송도동 송도과학로27번길 55,,37.38803691,126.6642625,월세,34.68,202212,"2,000",80,31,2016
387,,인천광역시 연수구 송도동 송도과학로27번길 55,,37.38803691,126.6642625,전세,34.68,202212,"17,000",0,9,2016
388,,인천광역시 연수구 송도동 송도과학로27번길 55,,37.38803691,126.6642625,전세,34.68,202212,"16,500",0,31,2016
389,,인천광역시 연수구 송도동 송도과학로27번길 55,,37.38803691,126.6642625,전세,34.68,202212,"17,000",0,14,2016
390,,인천광역시 연수구 송도동 송도과학로27번길 55,,37.38803691,126.6642625,월세,26.32,202212,"2,000",45,9,2016
391,,인천광역시 연수구 송도동 송도과학로27번길 55,,37.38803691,126.6642625,전세,34.55,202212,"15,500",0,13,2016
392,,인천광역시 연수구 송도동 송도과학로27번길 55,,37.38803691,126.6642625,월세,34.68,202212,"3,150",54,26,2016
393,,인천광역시 연수구 송도동 송도과학로27번길 55,,37.38803691,126.6642625,전세,29.83,202212,"15,000",0,10,2016
394,,인천광역시 연수구 송도동 송도과학로27번길 55,,37.38803691,126.6642625,전세,33.42,202212,"17,300",0,44,2016
395,,인천광역시 연수구 송도동 송도과학로27번길 55,,37.38803691,126.6642625,월세,34.68,202212,"1,000",75,32,2016
396,,인천광역시 연수구 송도동 송도과학로27번길 55,,37.38803691,126.6642625,전세,34.68,202212,"15,500",0,5,2016
397,,인천광역시 연수구 송도동 송도과학로27번길 55,,37.38803691,126.6642625,전세,34.68,202212,"16,500",0,19,2016
398,,인천광역시 연수구 송도동 송도과학로27번길 55,,37.38803691,126.6642625,월세,27.16,202212,500,57,7,2016
399,,인천광역시 연수구 송도동 송도과학로27번길 55,,37.38803691,126.6642625,전세,26.6,202212,"15,000",0,25,2016
400,,인천광역시 연수구 송도동 송도과학로27번길 55,,37.38803691,126.6642625,전세,34.68,202212,"16,000",0,8,2016
401,,인천광역시 연수구 송도동 송도과학로27번길 55,,37.38803691,126.6642625,전세,34.68,202212,"16,500",0,18,2016
402,,인천광역시 연수구 송도동 송도과학로27번길 55,,37.38803691,126.6642625,월세,26.6,202212,500,58,8,2016
403,,인천광역시 연수구 송도동 송도과학로27번길 55,,37.38803691,126.6642625,전세,34.68,202212,"16,000",0,30,2016
404,,인천광역시 연수구 송도동 송도과학로27번길 55,,37.38803691,126.6642625,전세,34.68,202212,"17,850",0,27,2016
405,,인천광역시 연수구 송도동 송도과학로27번길 55,,37.38803691,126.6642625,월세,34.68,202212,"6,000",40,30,2016
406,,인천광역시 연수구 송도동 송도과학로27번길 55,,37.38803691,126.6642625,전세,34.68,202212,"16,000",0,8,2016
407,,인천광역시 연수구 송도동 송도과학로27번길 55,,37.38803691,126.6642625,월세,33.34,202212,"1,000",70,5,2016
408,,인천광역시 연수구 송도동 송도과학로27번길 55,,37.38803691,126.6642625,전세,33.34,202212,"16,500",0,7,2016
409,,인천광역시 연수구 송도동 송도과학로27번길 55,,37.38803691,126.6642625,전세,33.42,202212,"17,000",0,30,2016
410,,인천광역시 연수구 송도동 송도과학로27번길 55,,37.38803691,126.6642625,월세,34.68,202212,"5,000",55,43,2016
411,,인천광역시 연수구 송도동 송도과학로27번길 55,,37.38803691,126.6642625,전세,26.6,202212,"15,000",0,25,2016
412,,인천광역시 연수구 송도동 송도과학로27번길 55,,37.38803691,126.6642625,전세,34.55,202212,"16,500",0,9,2016
413,,인천광역시 연수구 송도동 송도과학로27번길 55,,37.38803691,126.6642625,전세,34.68,202212,"15,500",0,5,2016
414,,인천광역시 연수구 송도동 송도과학로27번길 55,,37.38803691,126.6642625,전세,34.55,202212,"16,100",0,14,2016
415,,인천광역시 연수구 송도동 송도과학로27번길 55,,37.38803691,126.6642625,전세,34.68,202212,"16,500",0,27,2016
416,,인천광역시 연수구 송도동 송도과학로27번길 55,,37.38803691,126.6642625,전세,34.55,202212,"16,800",0,14,2016
417,,인천광역시 연수구 송도동 송도과학로27번길 55,,37.38803691,126.6642625,월세,26.6,202212,500,60,25,2016
418,,인천광역시 연수구 송도동 송도과학로27번길 55,,37.38803691,126.6642625,전세,34.55,202212,"17,000",0,13,2016
419,,인천광역시 연수구 송도동 송도과학로27번길 55,,37.38803691,126.6642625,월세,34.68,202212,"9,000",42,23,2016
420,,인천광역시 연수구 송도동 송도과학로27번길 55,,37.38803691,126.6642625,월세,34.68,202212,500,66,6,2016
421,,인천광역시 연수구 송도동 송도과학로27번길 55,,37.38803691,126.6642625,전세,34.68,202212,"17,000",0,15,2016
422,,인천광역시 연수구 송도동 송도과학로27번길 55,,37.38803691,126.6642625,월세,34.55,202212,500,55,13,2016
423,,인천광역시 연수구 송도동 송도과학로27번길 55,,37.38803691,126.6642625,월세,34.68,202212,"3,000",58,13,2016
424,,인천광역시 연수구 송도동 송도과학로27번길 55,,37.38803691,126.6642625,월세,34.55,202212,500,58,13,2016
425,,인천광역시 연수구 송도동 송도과학로27번길 55,,37.38803691,126.6642625,월세,34.68,202212,500,78,29,2016
426,,인천광역시 연수구 송도동 송도과학로27번길 55,,37.38803691,126.6642625,전세,33.42,202212,"17,600",0,33,2016
427,,인천광역시 연수구 송도동 송도과학로27번길 55,,37.38803691,126.6642625,전세,26.6,202212,"14,500",0,17,2016
428,,인천광역시 연수구 송도동 하모니로188번길 17,,37.38167194,126.6399346,전세,28.94,202209,"15,750",0,15,2020
429,,인천광역시 연수구 송도동 하모니로188번길 17,,37.38167194,126.6399346,전세,28.94,202209,"15,750",0,19,2020
430,,인천광역시 연수구 송도동 하모니로188번길 17,,37.38167194,126.6399346,전세,28.94,202209,"16,000",0,16,2020
431,,인천광역시 연수구 송도동 하모니로188번길 17,,37.38167194,126.6399346,전세,28.94,202209,"14,700",0,5,2020
432,,인천광역시 연수구 송도동 하모니로188번길 17,,37.38167194,126.6399346,전세,30.08,202210,"15,750",0,20,2020
433,,인천광역시 연수구 송도동 하모니로188번길 17,,37.38167194,126.6399346,월세,28.94,202210,"1,000",46,12,2020
434,,인천광역시 연수구 송도동 하모니로188번길 17,,37.38167194,126.6399346,전세,28.94,202210,"16,000",0,8,2020
435,,인천광역시 연수구 송도동 하모니로188번길 17,,37.38167194,126.6399346,전세,28.94,202210,"14,700",0,11,2020
436,,인천광역시 연수구 송도동 하모니로188번길 17,,37.38167194,126.6399346,전세,28.94,202210,"15,750",0,11,2020
437,,인천광역시 연수구 송도동 하모니로188번길 17,,37.38167194,126.6399346,전세,28.94,202210,"17,000",0,18,2020
438,,인천광역시 연수구 송도동 하모니로188번길 17,,37.38167194,126.6399346,전세,28.94,202211,"16,000",0,18,2020
439,,인천광역시 연수구 송도동 하모니로188번길 17,,37.38167194,126.6399346,전세,28.94,202211,"14,700",0,11,2020
440,,인천광역시 연수구 송도동 하모니로188번길 17,,37.38167194,126.6399346,전세,30.08,202211,"15,000",0,15,2020
441,,인천광역시 연수구 송도동 하모니로188번길 17,,37.38167194,126.6399346,전세,28.94,202211,"15,750",0,7,2020
442,,인천광역시 연수구 송도동 하모니로188번길 17,,37.38167194,126.6399346,전세,30.08,202211,"15,750",0,21,2020
443,,인천광역시 연수구 송도동 하모니로188번길 17,,37.38167194,126.6399346,전세,28.94,202211,"17,000",0,19,2020
444,,인천광역시 연수구 송도동 하모니로188번길 17,,37.38167194,126.6399346,전세,28.94,202211,"15,750",0,21,2020
445,,인천광역시 연수구 송도동 하모니로188번길 17,,37.38167194,126.6399346,월세,28.94,202211,"10,500",21,18,2020
446,,인천광역시 연수구 송도동 하모니로188번길 17,,37.38167194,126.6399346,전세,28.94,202211,"15,750",0,6,2020
447,,인천광역시 연수구 송도동 하모니로188번길 17,,37.38167194,126.6399346,전세,30.08,202211,"16,000",0,10,2020
448,,인천광역시 연수구 송도동 하모니로188번길 17,,37.38167194,126.6399346,전세,30.08,202212,"15,800",0,11,2020
449,,인천광역시 연수구 송도동 하모니로188번길 17,,37.38167194,126.6399346,전세,28.94,202212,"15,200",0,14,2020
450,,인천광역시 연수구 송도동 하모니로188번길 17,,37.38167194,126.6399346,월세,28.94,202212,"1,000",62,7,2020
451,,인천광역시 연수구 송도동 하모니로188번길 17,,37.38167194,126.6399346,전세,28.94,202212,"14,700",0,18,2020
452,,인천광역시 연수구 송도동 하모니로188번길 17,,37.38167194,126.6399346,월세,28.94,202212,500,58,9,2020
453,,인천광역시 연수구 송도동 하모니로188번길 17,,37.38167194,126.6399346,전세,30.08,202212,"16,000",0,13,2020
454,,인천광역시 연수구 송도동 하모니로188번길 17,,37.38167194,126.6399346,전세,28.94,202212,"16,275",0,17,2020
455,,인천광역시 연수구 송도동 하모니로188번길 17,,37.38167194,126.6399346,전세,30.08,202212,"15,225",0,7,2020
456,,인천광역시 연수구 송도동 하모니로188번길 17,,37.38167194,126.6399346,전세,30.08,202212,"16,000",0,21,2020
457,,인천광역시 연수구 송도동 하모니로188번길 17,,37.38167194,126.6399346,전세,28.94,202212,"15,700",0,13,2020
458,,인천광역시 연수구 송도동 하모니로188번길 17,,37.38167194,126.6399346,전세,28.94,202212,"16,200",0,12,2020
459,,인천광역시 연수구 송도동 컨벤시아대로42번길 20,,37.40002685,126.6502367,월세,28.09,202209,"3,000",45,2,2012
460,,인천광역시 연수구 송도동 컨벤시아대로42번길 20,,37.40002685,126.6502367,월세,58.42,202209,"1,000",100,2,2012
461,,인천광역시 연수구 송도동 컨벤시아대로42번길 20,,37.40002685,126.6502367,월세,44.73,202209,"3,500",70,5,2012
462,,인천광역시 연수구 송도동 컨벤시아대로42번길 20,,37.40002685,126.6502367,전세,65.74,202209,"20,000",0,4,2012
463,,인천광역시 연수구 송도동 컨벤시아대로42번길 20,,37.40002685,126.6502367,전세,28.09,202210,"10,500",0,5,2012
464,,인천광역시 연수구 송도동 컨벤시아대로42번길 20,,37.40002685,126.6502367,전세,65.74,202212,"17,000",0,2,2012
465,,인천광역시 연수구 송도동 송도국제대로 261,,37.37435195,126.6531653,전세,84.99,202209,"28,000",0,7,2018
466,,인천광역시 연수구 송도동 송도국제대로 261,,37.37435195,126.6531653,전세,84.99,202209,"26,200",0,9,2018
467,,인천광역시 연수구 송도동 송도국제대로 261,,37.37435195,126.6531653,월세,84.99,202209,"2,000",135,24,2018
468,,인천광역시 연수구 송도동 송도국제대로 261,,37.37435195,126.6531653,전세,84.98,202209,"21,499",0,25,2018
469,,인천광역시 연수구 송도동 송도국제대로 261,,37.37435195,126.6531653,전세,84.99,202210,"28,000",0,25,2018
470,,인천광역시 연수구 송도동 송도국제대로 261,,37.37435195,126.6531653,전세,84.98,202211,"21,000",0,9,2018
471,,인천광역시 연수구 송도동 송도국제대로 261,,37.37435195,126.6531653,전세,84.99,202212,"22,000",0,6,2018
472,,인천광역시 연수구 송도동 해돋이로 107,,37.38960595,126.648814,전세,49.36,202209,"14,175",0,5,2009
473,,인천광역시 연수구 송도동 해돋이로 107,,37.38960595,126.648814,전세,48.86,202209,"15,000",0,5,2009
474,,인천광역시 연수구 송도동 인천타워대로 257,,37.39351506,126.6321878,월세,22.1,202209,500,50,10,2019
475,,인천광역시 연수구 송도동 인천타워대로 257,,37.39351506,126.6321878,전세,22.35,202209,"13,650",0,6,2019
476,,인천광역시 연수구 송도동 인천타워대로 257,,37.39351506,126.6321878,전세,22.1,202209,"11,550",0,11,2019
477,,인천광역시 연수구 송도동 인천타워대로 257,,37.39351506,126.6321878,전세,48.06,202209,"20,900",0,10,2019
478,,인천광역시 연수구 송도동 인천타워대로 257,,37.39351506,126.6321878,월세,22.1,202209,500,42,9,2019
479,,인천광역시 연수구 송도동 인천타워대로 257,,37.39351506,126.6321878,월세,22.35,202209,500,65,15,2019
480,,인천광역시 연수구 송도동 인천타워대로 257,,37.39351506,126.6321878,전세,46.83,202209,"23,000",0,10,2019
481,,인천광역시 연수구 송도동 인천타워대로 257,,37.39351506,126.6321878,전세,47.51,202209,"22,000",0,14,2019
482,,인천광역시 연수구 송도동 인천타워대로 257,,37.39351506,126.6321878,월세,22.35,202209,500,46,12,2019
483,,인천광역시 연수구 송도동 인천타워대로 257,,37.39351506,126.6321878,전세,22.1,202209,"15,000",0,13,2019
484,,인천광역시 연수구 송도동 인천타워대로 257,,37.39351506,126.6321878,월세,47.51,202210,"10,000",65,7,2019
485,,인천광역시 연수구 송도동 인천타워대로 257,,37.39351506,126.6321878,월세,22.62,202210,500,47,12,2019
486,,인천광역시 연수구 송도동 인천타워대로 257,,37.39351506,126.6321878,월세,22.12,202210,500,49,12,2019
487,,인천광역시 연수구 송도동 인천타워대로 257,,37.39351506,126.6321878,전세,47.94,202210,"20,000",0,14,2019
488,,인천광역시 연수구 송도동 인천타워대로 257,,37.39351506,126.6321878,월세,22.1,202210,500,70,10,2019
489,,인천광역시 연수구 송도동 인천타워대로 257,,37.39351506,126.6321878,월세,22.1,202210,500,65,14,2019
490,,인천광역시 연수구 송도동 인천타워대로 257,,37.39351506,126.6321878,전세,47.51,202210,"24,000",0,7,2019
491,,인천광역시 연수구 송도동 인천타워대로 257,,37.39351506,126.6321878,전세,22.1,202211,"9,371",0,8,2019
492,,인천광역시 연수구 송도동 인천타워대로 257,,37.39351506,126.6321878,월세,22.1,202211,500,65,7,2019
493,,인천광역시 연수구 송도동 인천타워대로 257,,37.39351506,126.6321878,월세,22.35,202211,300,44,8,2019
494,,인천광역시 연수구 송도동 인천타워대로 257,,37.39351506,126.6321878,월세,22.1,202211,500,52,9,2019
495,,인천광역시 연수구 송도동 인천타워대로 257,,37.39351506,126.6321878,월세,48.06,202211,"1,000",83,9,2019
496,,인천광역시 연수구 송도동 인천타워대로 257,,37.39351506,126.6321878,전세,22.62,202211,"11,025",0,6,2019
497,,인천광역시 연수구 송도동 인천타워대로 257,,37.39351506,126.6321878,전세,22.35,202211,"9,923",0,13,2019
498,,인천광역시 연수구 송도동 인천타워대로 257,,37.39351506,126.6321878,월세,48.06,202211,525,93,7,2019
499,,인천광역시 연수구 송도동 인천타워대로 257,,37.39351506,126.6321878,전세,47.51,202211,"22,000",0,14,2019
500,,인천광역시 연수구 송도동 인천타워대로 257,,37.39351506,126.6321878,월세,22.12,202212,500,60,8,2019
501,,인천광역시 연수구 송도동 인천타워대로 257,,37.39351506,126.6321878,월세,22.35,202212,100,90,11,2019
502,,인천광역시 연수구 송도동 인천타워대로 257,,37.39351506,126.6321878,월세,22.1,202212,500,65,6,2019
503,,인천광역시 연수구 송도동 인천타워대로 257,,37.39351506,126.6321878,전세,22.1,202212,"9,805",0,6,2019
504,,인천광역시 연수구 송도동 인천타워대로 257,,37.39351506,126.6321878,전세,22.35,202212,"14,000",0,11,2019
505,,인천광역시 연수구 송도동 인천타워대로 257,,37.39351506,126.6321878,전세,22.35,202212,"13,500",0,7,2019
506,,인천광역시 연수구 송도동 인천타워대로 257,,37.39351506,126.6321878,월세,22.62,202301,500,65,11,2019
507,,인천광역시 연수구 송도동 하모니로138번길 11,,37.38459942,126.6423987,전세,27.1,202209,"18,500",0,12,2019
508,,인천광역시 연수구 송도동 하모니로138번길 11,,37.38459942,126.6423987,전세,18.54,202209,"8,800",0,7,2019
509,,인천광역시 연수구 송도동 하모니로138번길 11,,37.38459942,126.6423987,월세,18.54,202209,500,33,13,2019
510,,인천광역시 연수구 송도동 하모니로138번길 11,,37.38459942,126.6423987,전세,18.54,202209,"12,600",0,19,2019
511,,인천광역시 연수구 송도동 하모니로138번길 11,,37.38459942,126.6423987,월세,18.54,202209,500,32,14,2019
512,,인천광역시 연수구 송도동 하모니로138번길 11,,37.38459942,126.6423987,전세,27.1,202209,"13,230",0,12,2019
513,,인천광역시 연수구 송도동 하모니로138번길 11,,37.38459942,126.6423987,월세,18.54,202209,"8,000",23,8,2019
514,,인천광역시 연수구 송도동 하모니로138번길 11,,37.38459942,126.6423987,전세,18.54,202209,"14,500",0,22,2019
515,,인천광역시 연수구 송도동 하모니로138번길 11,,37.38459942,126.6423987,전세,27.1,202209,"12,720",0,14,2019
516,,인천광역시 연수구 송도동 하모니로138번길 11,,37.38459942,126.6423987,월세,26.27,202209,500,75,13,2019
517,,인천광역시 연수구 송도동 하모니로138번길 11,,37.38459942,126.6423987,월세,27.1,202209,500,52,18,2019
518,,인천광역시 연수구 송도동 하모니로138번길 11,,37.38459942,126.6423987,전세,23.72,202209,"9,923",0,5,2019
519,,인천광역시 연수구 송도동 하모니로138번길 11,,37.38459942,126.6423987,전세,18.54,202209,"13,000",0,24,2019
520,,인천광역시 연수구 송도동 하모니로138번길 11,,37.38459942,126.6423987,월세,23.72,202210,500,46,21,2019
521,,인천광역시 연수구 송도동 하모니로138번길 11,,37.38459942,126.6423987,전세,23.72,202210,"14,300",0,17,2019
522,,인천광역시 연수구 송도동 하모니로138번길 11,,37.38459942,126.6423987,전세,27.1,202210,"16,500",0,8,2019
523,,인천광역시 연수구 송도동 하모니로138번길 11,,37.38459942,126.6423987,전세,27.1,202210,"13,200",0,24,2019
524,,인천광역시 연수구 송도동 하모니로138번길 11,,37.38459942,126.6423987,전세,18.54,202210,"9,371",0,9,2019
525,,인천광역시 연수구 송도동 하모니로138번길 11,,37.38459942,126.6423987,월세,27.1,202210,"1,000",80,5,2019
526,,인천광역시 연수구 송도동 하모니로138번길 11,,37.38459942,126.6423987,전세,23.72,202210,"13,650",0,6,2019
527,,인천광역시 연수구 송도동 하모니로138번길 11,,37.38459942,126.6423987,전세,27.1,202210,"16,500",0,13,2019
528,,인천광역시 연수구 송도동 하모니로138번길 11,,37.38459942,126.6423987,전세,27.1,202210,"17,000",0,24,2019
529,,인천광역시 연수구 송도동 하모니로138번길 11,,37.38459942,126.6423987,월세,18.54,202210,500,65,12,2019
530,,인천광역시 연수구 송도동 하모니로138번길 11,,37.38459942,126.6423987,월세,27.1,202210,500,52,20,2019
531,,인천광역시 연수구 송도동 하모니로138번길 11,,37.38459942,126.6423987,전세,27.1,202210,"16,500",0,16,2019
532,,인천광역시 연수구 송도동 하모니로138번길 11,,37.38459942,126.6423987,월세,23.72,202210,500,70,23,2019
533,,인천광역시 연수구 송도동 하모니로138번길 11,,37.38459942,126.6423987,전세,18.54,202210,"14,500",0,21,2019
534,,인천광역시 연수구 송도동 하모니로138번길 11,,37.38459942,126.6423987,월세,23.72,202210,500,70,23,2019
535,,인천광역시 연수구 송도동 하모니로138번길 11,,37.38459942,126.6423987,전세,27.1,202210,"11,025",0,7,2019
536,,인천광역시 연수구 송도동 하모니로138번길 11,,37.38459942,126.6423987,전세,27.1,202210,"11,025",0,8,2019
537,,인천광역시 연수구 송도동 하모니로138번길 11,,37.38459942,126.6423987,전세,27.1,202210,"15,400",0,19,2019
538,,인천광역시 연수구 송도동 하모니로138번길 11,,37.38459942,126.6423987,전세,27.1,202210,"18,500",0,22,2019
539,,인천광역시 연수구 송도동 하모니로138번길 11,,37.38459942,126.6423987,전세,26.27,202210,"16,500",0,11,2019
540,,인천광역시 연수구 송도동 하모니로138번길 11,,37.38459942,126.6423987,전세,27.1,202210,"12,734",0,11,2019
541,,인천광역시 연수구 송도동 하모니로138번길 11,,37.38459942,126.6423987,월세,18.54,202210,500,60,16,2019
542,,인천광역시 연수구 송도동 하모니로138번길 11,,37.38459942,126.6423987,전세,27.1,202211,"15,000",0,23,2019
543,,인천광역시 연수구 송도동 하모니로138번길 11,,37.38459942,126.6423987,월세,27.1,202211,500,85,21,2019
544,,인천광역시 연수구 송도동 하모니로138번길 11,,37.38459942,126.6423987,월세,27.1,202211,"3,000",68,24,2019
545,,인천광역시 연수구 송도동 하모니로138번길 11,,37.38459942,126.6423987,전세,23.72,202211,"15,000",0,4,2019
546,,인천광역시 연수구 송도동 하모니로138번길 11,,37.38459942,126.6423987,전세,18.54,202211,"9,900",0,6,2019
547,,인천광역시 연수구 송도동 하모니로138번길 11,,37.38459942,126.6423987,월세,27.1,202211,500,80,9,2019
548,,인천광역시 연수구 송도동 하모니로138번길 11,,37.38459942,126.6423987,월세,26.27,202211,"1,000",85,16,2019
549,,인천광역시 연수구 송도동 하모니로138번길 11,,37.38459942,126.6423987,월세,18.54,202211,"2,000",50,19,2019
550,,인천광역시 연수구 송도동 하모니로138번길 11,,37.38459942,126.6423987,월세,18.54,202211,500,65,23,2019
551,,인천광역시 연수구 송도동 하모니로138번길 11,,37.38459942,126.6423987,전세,18.54,202211,"11,025",0,21,2019
552,,인천광역시 연수구 송도동 하모니로138번길 11,,37.38459942,126.6423987,월세,18.54,202211,500,65,9,2019
553,,인천광역시 연수구 송도동 하모니로138번길 11,,37.38459942,126.6423987,전세,18.54,202211,"12,000",0,15,2019
554,,인천광역시 연수구 송도동 하모니로138번길 11,,37.38459942,126.6423987,전세,23.72,202211,"19,000",0,4,2019
555,,인천광역시 연수구 송도동 하모니로138번길 11,,37.38459942,126.6423987,전세,18.54,202211,"12,000",0,14,2019
556,,인천광역시 연수구 송도동 하모니로138번길 11,,37.38459942,126.6423987,전세,27.1,202211,"11,000",0,13,2019
557,,인천광역시 연수구 송도동 하모니로138번길 11,,37.38459942,126.6423987,전세,23.72,202211,"11,630",0,14,2019
558,,인천광역시 연수구 송도동 하모니로138번길 11,,37.38459942,126.6423987,전세,27.1,202211,"15,000",0,20,2019
559,,인천광역시 연수구 송도동 하모니로138번길 11,,37.38459942,126.6423987,월세,23.72,202211,500,70,8,2019
560,,인천광역시 연수구 송도동 하모니로138번길 11,,37.38459942,126.6423987,전세,18.54,202211,"12,000",0,7,2019
561,,인천광역시 연수구 송도동 하모니로138번길 11,,37.38459942,126.6423987,월세,27.1,202212,500,46,6,2019
562,,인천광역시 연수구 송도동 하모니로138번길 11,,37.38459942,126.6423987,전세,27.1,202212,"15,000",0,5,2019
563,,인천광역시 연수구 송도동 하모니로138번길 11,,37.38459942,126.6423987,전세,18.54,202212,"14,000",0,11,2019
564,,인천광역시 연수구 송도동 하모니로138번길 11,,37.38459942,126.6423987,월세,27.1,202212,"1,000",49,22,2019
565,,인천광역시 연수구 송도동 하모니로138번길 11,,37.38459942,126.6423987,전세,18.54,202212,"12,000",0,4,2019
566,,인천광역시 연수구 송도동 하모니로138번길 11,,37.38459942,126.6423987,전세,27.1,202212,"15,500",0,6,2019
567,,인천광역시 연수구 송도동 하모니로138번길 11,,37.38459942,126.6423987,전세,27.1,202212,"14,330",0,12,2019
568,,인천광역시 연수구 송도동 하모니로138번길 11,,37.38459942,126.6423987,전세,18.54,202212,"13,500",0,16,2019
569,,인천광역시 연수구 송도동 하모니로138번길 11,,37.38459942,126.6423987,전세,18.54,202212,"13,000",0,8,2019
570,,인천광역시 연수구 송도동 하모니로138번길 11,,37.38459942,126.6423987,전세,18.54,202212,"13,000",0,20,2019
571,,인천광역시 연수구 송도동 하모니로138번길 11,,37.38459942,126.6423987,월세,18.54,202212,500,60,10,2019
572,,인천광역시 연수구 송도동 하모니로138번길 11,,37.38459942,126.6423987,전세,18.54,202212,"9,922",0,9,2019
573,,인천광역시 연수구 송도동 하모니로138번길 11,,37.38459942,126.6423987,전세,26.27,202212,"16,500",0,15,2019
574,,인천광역시 연수구 송도동 하모니로138번길 11,,37.38459942,126.6423987,전세,27.1,202212,"12,600",0,20,2019
575,,인천광역시 연수구 송도동 하모니로138번길 11,,37.38459942,126.6423987,전세,27.1,202212,"17,000",0,24,2019
576,,인천광역시 연수구 송도동 하모니로138번길 11,,37.38459942,126.6423987,전세,23.72,202212,"15,000",0,9,2019
577,,인천광역시 연수구 송도동 하모니로138번길 11,,37.38459942,126.6423987,월세,18.54,202212,500,65,19,2019
578,,인천광역시 연수구 송도동 하모니로138번길 11,,37.38459942,126.6423987,월세,18.54,202212,500,60,14,2019
579,,인천광역시 연수구 송도동 하모니로138번길 11,,37.38459942,126.6423987,전세,27.1,202212,"16,500",0,12,2019
580,,인천광역시 연수구 송도동 컨벤시아대로42번길 8,,37.39862127,126.6519433,전세,57.41,202209,"17,000",0,5,2009
581,,인천광역시 연수구 송도동 컨벤시아대로 50,,37.39800788,126.6511249,월세,30.45,202209,"1,000",65,6,2010
582,,인천광역시 연수구 송도동 컨벤시아대로 50,,37.39800788,126.6511249,월세,48.29,202210,"1,000",85,5,2010
583,,인천광역시 연수구 송도동 컨벤시아대로 50,,37.39800788,126.6511249,전세,49.89,202211,"16,000",0,5,2010
584,,인천광역시 연수구 송도동 컨벤시아대로 50,,37.39800788,126.6511249,월세,30.45,202212,"1,000",60,4,2010
585,,인천광역시 연수구 송도동 컨벤시아대로 60,,37.39758636,126.6506664,전세,42.65,202210,"14,700",0,5,2010
586,,인천광역시 연수구 송도동 컨벤시아대로 60,,37.39758636,126.6506664,월세,48.9,202212,"5,000",70,2,2010
587,,인천광역시 연수구 송도동 컨벤시아대로 60,,37.39758636,126.6506664,전세,49.6,202212,"16,800",0,5,2010
588,,인천광역시 연수구 송도동 컨벤시아대로 116,,37.39374814,126.6463773,전세,49.56,202209,"17,600",0,5,2010
589,,인천광역시 연수구 송도동 컨벤시아대로 116,,37.39374814,126.6463773,전세,48.29,202212,"17,850",0,5,2010
590,,인천광역시 연수구 송도동 컨벤시아대로 126,,37.39247736,126.6456466,월세,49.04,202209,"2,000",120,4,2010
591,,인천광역시 연수구 송도동 컨벤시아대로 126,,37.39247736,126.6456466,전세,49.04,202209,"18,375",0,6,2010
592,,인천광역시 연수구 송도동 컨벤시아대로 126,,37.39247736,126.6456466,전세,42.65,202210,"16,500",0,3,2010
593,,인천광역시 연수구 송도동 컨벤시아대로 126,,37.39247736,126.6456466,월세,49.6,202212,"16,000",15,6,2010
594,,인천광역시 연수구 송도동 송도과학로 70,,37.38048557,126.66519,전세,22.31,202209,"13,500",0,7,2022
595,,인천광역시 연수구 송도동 송도과학로 70,,37.38048557,126.66519,월세,46.89,202209,"3,000",120,12,2022
596,,인천광역시 연수구 송도동 송도과학로 70,,37.38048557,126.66519,전세,22.31,202209,"16,000",0,18,2022
597,,인천광역시 연수구 송도동 송도과학로 70,,37.38048557,126.66519,전세,22.31,202209,"13,000",0,9,2022
598,,인천광역시 연수구 송도동 송도과학로 70,,37.38048557,126.66519,월세,22.31,202209,"4,000",30,18,2022
599,,인천광역시 연수구 송도동 송도과학로 70,,37.38048557,126.66519,월세,22.31,202209,"5,000",50,8,2022
600,,인천광역시 연수구 송도동 송도과학로 70,,37.38048557,126.66519,전세,22.31,202209,"13,500",0,10,2022
601,,인천광역시 연수구 송도동 송도과학로 70,,37.38048557,126.66519,전세,22.31,202209,"13,500",0,3,2022
602,,인천광역시 연수구 송도동 송도과학로 70,,37.38048557,126.66519,전세,22.31,202209,"15,000",0,10,2022
603,,인천광역시 연수구 송도동 송도과학로 70,,37.38048557,126.66519,전세,47.76,202209,"24,000",0,21,2022
604,,인천광역시 연수구 송도동 송도과학로 70,,37.38048557,126.66519,전세,22.31,202210,"14,000",0,17,2022
605,,인천광역시 연수구 송도동 송도과학로 70,,37.38048557,126.66519,전세,22.31,202210,"15,000",0,3,2022
606,,인천광역시 연수구 송도동 송도과학로 70,,37.38048557,126.66519,월세,22.31,202210,"5,000",50,13,2022
607,,인천광역시 연수구 송도동 송도과학로 70,,37.38048557,126.66519,전세,22.31,202210,"14,000",0,9,2022
608,,인천광역시 연수구 송도동 송도과학로 70,,37.38048557,126.66519,전세,22.31,202210,"15,000",0,18,2022
609,,인천광역시 연수구 송도동 송도과학로 70,,37.38048557,126.66519,월세,47.6,202210,"5,000",94,21,2022
610,,인천광역시 연수구 송도동 송도과학로 70,,37.38048557,126.66519,전세,47.76,202210,"25,000",0,19,2022
611,,인천광역시 연수구 송도동 송도과학로 70,,37.38048557,126.66519,월세,22.31,202210,500,70,13,2022
612,,인천광역시 연수구 송도동 송도과학로 70,,37.38048557,126.66519,전세,22.31,202211,"15,500",0,14,2022
613,,인천광역시 연수구 송도동 송도과학로 70,,37.38048557,126.66519,월세,22.31,202211,"1,000",70,14,2022
614,,인천광역시 연수구 송도동 송도과학로 70,,37.38048557,126.66519,월세,22.31,202212,500,60,8,2022
615,,인천광역시 연수구 송도동 송도과학로 70,,37.38048557,126.66519,월세,22.31,202212,200,80,8,2022
616,,인천광역시 연수구 송도동 송도과학로 70,,37.38048557,126.66519,전세,42.83,202212,"25,000",0,15,2022
617,,인천광역시 연수구 송도동 송도과학로 70,,37.38048557,126.66519,월세,22.31,202212,"5,000",45,16,2022
618,,인천광역시 연수구 송도동 송도과학로 70,,37.38048557,126.66519,월세,22.31,202212,"5,000",45,16,2022
619,,인천광역시 연수구 송도동 송도과학로 70,,37.38048557,126.66519,월세,22.31,202212,500,70,4,2022
620,,인천광역시 연수구 송도동 송도과학로 70,,37.38048557,126.66519,월세,22.31,202212,500,70,10,2022
621,,인천광역시 연수구 송도동 송도과학로16번길 13-18,,37.38102064,126.6608134,전세,26.76,202209,"12,600",0,12,2019
622,,인천광역시 연수구 송도동 송도과학로16번길 13-18,,37.38102064,126.6608134,전세,26.17,202209,"15,500",0,12,2019
623,,인천광역시 연수구 송도동 송도과학로16번길 13-18,,37.38102064,126.6608134,월세,26.76,202209,500,55,10,2019
624,,인천광역시 연수구 송도동 송도과학로16번길 13-18,,37.38102064,126.6608134,전세,26.17,202210,"12,000",0,11,2019
625,,인천광역시 연수구 송도동 송도과학로16번길 13-18,,37.38102064,126.6608134,전세,26.76,202210,"13,300",0,11,2019
626,,인천광역시 연수구 송도동 송도과학로16번길 13-18,,37.38102064,126.6608134,전세,40.37,202210,"16,800",0,11,2019
627,,인천광역시 연수구 송도동 송도과학로16번길 13-18,,37.38102064,126.6608134,전세,54.94,202211,"20,475",0,11,2019
628,,인천광역시 연수구 송도동 송도과학로16번길 13-18,,37.38102064,126.6608134,월세,40.37,202211,"1,000",63,10,2019
629,,인천광역시 연수구 송도동 송도과학로16번길 13-18,,37.38102064,126.6608134,전세,26.76,202212,"12,600",0,12,2019
630,,인천광역시 연수구 송도동 송도과학로16번길 13-18,,37.38102064,126.6608134,전세,54.94,202212,"18,900",0,11,2019
631,,인천광역시 연수구 송도동 아트센터대로 203,,37.39520389,126.6312871,전세,25.78,202209,"13,000",0,6,2015
632,,인천광역시 연수구 송도동 아트센터대로 203,,37.39520389,126.6312871,전세,25.78,202209,"12,600",0,6,2015
633,,인천광역시 연수구 송도동 아트센터대로 203,,37.39520389,126.6312871,전세,25.78,202209,"13,000",0,11,2015
634,,인천광역시 연수구 송도동 아트센터대로 203,,37.39520389,126.6312871,전세,30.09,202209,"15,750",0,14,2015
635,,인천광역시 연수구 송도동 아트센터대로 203,,37.39520389,126.6312871,전세,24.82,202209,"13,300",0,25,2015
636,,인천광역시 연수구 송도동 아트센터대로 203,,37.39520389,126.6312871,전세,25.78,202209,"14,125",0,27,2015
637,,인천광역시 연수구 송도동 아트센터대로 203,,37.39520389,126.6312871,전세,25.78,202211,"12,600",0,11,2015
638,,인천광역시 연수구 송도동 송도과학로27번길 15,,37.38461103,126.6628864,월세,25.52,202209,"5,000",34,5,2018
639,,인천광역시 연수구 송도동 송도과학로27번길 15,,37.38461103,126.6628864,월세,26.6,202209,"1,000",65,5,2018
640,,인천광역시 연수구 송도동 송도과학로27번길 15,,37.38461103,126.6628864,월세,26.6,202209,"2,000",50,4,2018
641,,인천광역시 연수구 송도동 송도과학로27번길 15,,37.38461103,126.6628864,전세,25.52,202209,"16,500",0,4,2018
642,,인천광역시 연수구 송도동 송도과학로27번길 15,,37.38461103,126.6628864,전세,27.54,202210,"15,300",0,7,2018
643,,인천광역시 연수구 송도동 송도과학로27번길 15,,37.38461103,126.6628864,월세,25.52,202210,"3,000",55,6,2018
644,,인천광역시 연수구 송도동 송도과학로27번길 15,,37.38461103,126.6628864,전세,25.52,202210,"13,650",0,7,2018
645,,인천광역시 연수구 송도동 송도과학로27번길 15,,37.38461103,126.6628864,전세,27.54,202210,"14,330",0,4,2018
646,,인천광역시 연수구 송도동 송도과학로27번길 15,,37.38461103,126.6628864,전세,55.01,202210,"25,000",0,3,2018
647,,인천광역시 연수구 송도동 송도과학로27번길 15,,37.38461103,126.6628864,전세,25.52,202210,"14,300",0,3,2018
648,,인천광역시 연수구 송도동 송도과학로27번길 15,,37.38461103,126.6628864,월세,25.52,202211,500,53,6,2018
649,,인천광역시 연수구 송도동 송도과학로27번길 15,,37.38461103,126.6628864,전세,26.6,202211,"14,000",0,5,2018
650,,인천광역시 연수구 송도동 송도과학로27번길 15,,37.38461103,126.6628864,전세,25.52,202211,"14,550",0,7,2018
651,,인천광역시 연수구 송도동 송도과학로27번길 15,,37.38461103,126.6628864,전세,26.6,202211,"13,000",0,3,2018
652,,인천광역시 연수구 송도동 송도과학로27번길 15,,37.38461103,126.6628864,전세,28.49,202211,"13,700",0,4,2018
653,,인천광역시 연수구 송도동 송도과학로27번길 15,,37.38461103,126.6628864,전세,26.6,202211,"13,650",0,3,2018
654,,인천광역시 연수구 송도동 송도과학로27번길 15,,37.38461103,126.6628864,월세,27.41,202212,"2,000",65,5,2018
655,,인천광역시 연수구 송도동 송도과학로27번길 15,,37.38461103,126.6628864,전세,25.52,202212,"12,650",0,5,2018
656,,인천광역시 연수구 송도동 하모니로 144,,37.38445028,126.6435842,월세,25.96,202209,"1,000",80,31,2019
657,,인천광역시 연수구 송도동 하모니로 144,,37.38445028,126.6435842,월세,25.77,202209,500,55,26,2019
658,,인천광역시 연수구 송도동 하모니로 144,,37.38445028,126.6435842,전세,25.77,202209,"18,000",0,16,2019
659,,인천광역시 연수구 송도동 하모니로 144,,37.38445028,126.6435842,전세,75.97,202209,"33,000",0,19,2019
660,,인천광역시 연수구 송도동 하모니로 144,,37.38445028,126.6435842,월세,25.96,202209,500,80,11,2019
661,,인천광역시 연수구 송도동 하모니로 144,,37.38445028,126.6435842,전세,25.77,202210,"11,000",0,8,2019
662,,인천광역시 연수구 송도동 하모니로 144,,37.38445028,126.6435842,월세,25.77,202211,"3,000",50,31,2019
663,,인천광역시 연수구 송도동 인천타워대로 99,,37.38117899,126.6423044,월세,34.12,202212,500,72,3,2013
664,,인천광역시 연수구 송도동 인천타워대로 251,,37.39313335,126.6328662,월세,31.06,202209,500,70,4,2015
665,,인천광역시 연수구 송도동 인천타워대로 251,,37.39313335,126.6328662,전세,27.78,202209,"13,600",0,10,2015
666,,인천광역시 연수구 송도동 인천타워대로 251,,37.39313335,126.6328662,전세,28.84,202210,"12,600",0,6,2015
667,,인천광역시 연수구 송도동 인천타워대로 251,,37.39313335,126.6328662,전세,30.33,202210,"13,650",0,3,2015
668,,인천광역시 연수구 송도동 인천타워대로 251,,37.39313335,126.6328662,전세,29.63,202210,"14,000",0,4,2015
669,,인천광역시 연수구 송도동 인천타워대로 251,,37.39313335,126.6328662,전세,29.63,202210,"14,170",0,7,2015
670,,인천광역시 연수구 송도동 인천타워대로 251,,37.39313335,126.6328662,전세,27.78,202211,"12,600",0,11,2015
671,,인천광역시 연수구 송도동 인천타워대로 251,,37.39313335,126.6328662,전세,30.82,202211,"14,500",0,5,2015
672,,인천광역시 연수구 송도동 인천타워대로 251,,37.39313335,126.6328662,전세,31.06,202211,"14,000",0,10,2015
673,,인천광역시 연수구 송도동 인천타워대로 251,,37.39313335,126.6328662,전세,30.82,202211,"13,000",0,7,2015
674,,인천광역시 연수구 송도동 인천타워대로 251,,37.39313335,126.6328662,월세,28.84,202212,500,65,6,2015
675,,인천광역시 연수구 송도동 인천타워대로 251,,37.39313335,126.6328662,전세,28.84,202212,"12,000",0,5,2015
676,,인천광역시 연수구 송도동 인천타워대로 251,,37.39313335,126.6328662,전세,31.06,202212,"12,500",0,5,2015
677,,인천광역시 연수구 송도동 인천타워대로 251,,37.39313335,126.6328662,월세,28.84,202212,200,50,10,2015
678,,인천광역시 연수구 송도동 인천타워대로 251,,37.39313335,126.6328662,전세,31.06,202212,"16,500",0,11,2015
679,,인천광역시 연수구 송도동 인천타워대로 251,,37.39313335,126.6328662,전세,31.06,202212,"15,000",0,4,2015
680,,인천광역시 연수구 송도동 인천타워대로 251,,37.39313335,126.6328662,월세,39.92,202212,"1,000",90,3,2015
681,,인천광역시 연수구 송도동 신송로118번길 9,,37.39620198,126.6529427,전세,34.34,202209,"11,000",0,2,2006
682,,인천광역시 연수구 송도동 신송로118번길 9,,37.39620198,126.6529427,전세,50.86,202210,"10,000",0,2,2006
683,,인천광역시 연수구 송도동 신송로118번길 9,,37.39620198,126.6529427,전세,49.84,202210,"13,500",0,2,2006
684,,인천광역시 연수구 송도동 컨벤시아대로 70,,37.39660246,126.6495914,전세,49.16,202209,"21,525",0,10,2011
685,,인천광역시 연수구 송도동 컨벤시아대로 70,,37.39660246,126.6495914,월세,49.16,202210,"10,000",50,7,2011
686,,인천광역시 연수구 송도동 컨벤시아대로 70,,37.39660246,126.6495914,전세,49.16,202210,"21,000",0,7,2011
687,,인천광역시 연수구 송도동 컨벤시아대로 70,,37.39660246,126.6495914,전세,49.16,202211,"19,950",0,10,2011
688,,인천광역시 연수구 송도동 컨벤시아대로 70,,37.39660246,126.6495914,전세,49.16,202212,"20,000",0,5,2011
689,,인천광역시 연수구 송도동 컨벤시아대로 70,,37.39660246,126.6495914,월세,49.16,202212,"1,000",100,8,2011
690,,인천광역시 연수구 송도동 컨벤시아대로 80,,37.39552968,126.6489412,전세,49.16,202210,"22,000",0,4,2011
691,,인천광역시 연수구 송도동 컨벤시아대로 80,,37.39552968,126.6489412,월세,49.16,202211,500,100,3,2011
692,,인천광역시 연수구 송도동 컨벤시아대로 90,,37.39495208,126.647839,월세,49.16,202210,"1,000",100,8,2011
693,,인천광역시 연수구 송도동 컨벤시아대로 90,,37.39495208,126.647839,전세,49.16,202210,"20,800",0,9,2011
694,,인천광역시 연수구 송도동 컨벤시아대로 90,,37.39495208,126.647839,전세,49.16,202210,"20,000",0,7,2011
695,,인천광역시 연수구 송도동 컨벤시아대로 90,,37.39495208,126.647839,전세,49.16,202210,"19,950",0,3,2011
696,,인천광역시 연수구 송도동 컨벤시아대로 90,,37.39495208,126.647839,전세,49.16,202211,"18,000",0,11,2011
697,,인천광역시 연수구 송도동 컨벤시아대로 90,,37.39495208,126.647839,월세,49.16,202212,"1,000",85,8,2011
698,,인천광역시 연수구 송도동 컨벤시아대로 90,,37.39495208,126.647839,전세,49.16,202212,"19,000",0,6,2011
699,,인천광역시 연수구 송도동 컨벤시아대로 100,,37.39451327,126.6473598,전세,49.16,202209,"20,895",0,3,2011
700,,인천광역시 연수구 송도동 컨벤시아대로 100,,37.39451327,126.6473598,월세,49.16,202209,"1,000",79,10,2011
701,,인천광역시 연수구 송도동 컨벤시아대로 100,,37.39451327,126.6473598,전세,49.16,202210,"21,000",0,9,2011
702,,인천광역시 연수구 송도동 컨벤시아대로 100,,37.39451327,126.6473598,전세,49.16,202211,"21,000",0,5,2011
703,,인천광역시 연수구 송도동 컨벤시아대로 100,,37.39451327,126.6473598,전세,49.16,202211,"20,000",0,8,2011
704,,인천광역시 연수구 송도동 컨벤시아대로 100,,37.39451327,126.6473598,월세,49.16,202211,"1,000",95,7,2011
705,,인천광역시 연수구 송도동 컨벤시아대로 100,,37.39451327,126.6473598,전세,49.16,202212,"18,000",0,9,2011
706,,인천광역시 연수구 송도동 컨벤시아대로 100,,37.39451327,126.6473598,전세,49.16,202212,"18,000",0,9,2011
707,,인천광역시 연수구 송도동 아트센터대로 131,,37.39935875,126.6368956,월세,45.14,202210,"5,000",40,3,2009
708,,인천광역시 연수구 송도동 아트센터대로 107,,37.40073438,126.6388961,전세,44.67,202210,"12,500",0,3,2009
709,,인천광역시 연수구 송도동 아트센터대로 107,,37.40073438,126.6388961,월세,71.29,202212,"2,000",90,3,2009
710,,인천광역시 연수구 송도동 아트센터대로 87,,37.40215703,126.6404248,월세,70.95,202210,"1,000",90,4,2009
711,,인천광역시 연수구 송도동 센트럴로 415,,37.41050721,126.627633,월세,84.04,202209,"10,000",100,29,2020
712,,인천광역시 연수구 송도동 센트럴로 415,,37.41050721,126.627633,월세,84.67,202209,"3,000",150,39,2020
713,,인천광역시 연수구 송도동 센트럴로 415,,37.41050721,126.627633,월세,84.99,202209,"3,000",130,11,2020
714,,인천광역시 연수구 송도동 센트럴로 415,,37.41050721,126.627633,전세,84.46,202209,"36,750",0,46,2020
715,,인천광역시 연수구 송도동 센트럴로 415,,37.41050721,126.627633,월세,84.03,202209,"3,000",130,22,2020
716,,인천광역시 연수구 송도동 센트럴로 415,,37.41050721,126.627633,전세,84.03,202209,"25,000",0,42,2020
717,,인천광역시 연수구 송도동 센트럴로 415,,37.41050721,126.627633,전세,84.91,202209,"26,000",0,39,2020
718,,인천광역시 연수구 송도동 센트럴로 415,,37.41050721,126.627633,월세,84.04,202209,"2,000",140,24,2020
719,,인천광역시 연수구 송도동 센트럴로 415,,37.41050721,126.627633,전세,84.12,202209,"27,000",0,22,2020
720,,인천광역시 연수구 송도동 센트럴로 415,,37.41050721,126.627633,전세,84.04,202209,"24,000",0,41,2020
721,,인천광역시 연수구 송도동 센트럴로 415,,37.41050721,126.627633,월세,84.97,202209,"5,000",130,28,2020
722,,인천광역시 연수구 송도동 센트럴로 415,,37.41050721,126.627633,월세,84.97,202209,"5,000",130,28,2020
723,,인천광역시 연수구 송도동 센트럴로 415,,37.41050721,126.627633,전세,84.31,202209,"26,000",0,47,2020
724,,인천광역시 연수구 송도동 센트럴로 415,,37.41050721,126.627633,전세,84.82,202209,"25,000",0,35,2020
725,,인천광역시 연수구 송도동 센트럴로 415,,37.41050721,126.627633,월세,84.03,202209,"2,000",145,38,2020
726,,인천광역시 연수구 송도동 센트럴로 415,,37.41050721,126.627633,전세,84.28,202210,"30,000",0,4,2020
727,,인천광역시 연수구 송도동 센트럴로 415,,37.41050721,126.627633,전세,84.04,202210,"27,000",0,32,2020
728,,인천광역시 연수구 송도동 센트럴로 415,,37.41050721,126.627633,전세,84.21,202210,"25,000",0,10,2020
729,,인천광역시 연수구 송도동 센트럴로 415,,37.41050721,126.627633,전세,84.03,202211,"25,000",0,18,2020
730,,인천광역시 연수구 송도동 센트럴로 415,,37.41050721,126.627633,전세,84.28,202211,"20,000",0,32,2020
731,,인천광역시 연수구 송도동 센트럴로 415,,37.41050721,126.627633,전세,84.21,202211,"20,000",0,22,2020
732,,인천광역시 연수구 송도동 센트럴로 415,,37.41050721,126.627633,월세,84.01,202212,"2,000",120,45,2020
733,,인천광역시 연수구 송도동 센트럴로 415,,37.41050721,126.627633,전세,84.03,202212,"22,000",0,22,2020
734,,인천광역시 연수구 연수동 용담로117번길 41,,37.41658056,126.6785945,월세,28.48,202210,300,35,4,2003
735,,인천광역시 연수구 연수동 용담로117번길 41,,37.41658056,126.6785945,전세,44.25,202211,"7,000",0,9,2003
736,,인천광역시 연수구 연수동 먼우금로 194,,37.41433314,126.6769905,월세,26.98,202209,"5,000",20,11,2003
737,,인천광역시 연수구 연수동 먼우금로 194,,37.41433314,126.6769905,월세,39.2,202210,"1,000",50,10,2003
738,,인천광역시 연수구 연수동 먼우금로 194,,37.41433314,126.6769905,월세,26.98,202211,500,40,6,2003
739,,인천광역시 연수구 연수동 먼우금로 194,,37.41433314,126.6769905,월세,29.11,202211,300,40,6,2003
740,,인천광역시 연수구 연수동 먼우금로 194,,37.41433314,126.6769905,월세,26.98,202211,500,40,8,2003
741,,인천광역시 연수구 연수동 먼우금로 194,,37.41433314,126.6769905,월세,26.98,202212,500,40,8,2003
742,,인천광역시 연수구 연수동 용담로125번길 41,,37.41577244,126.6798203,월세,33.22,202211,500,40,6,2003
743,,인천광역시 연수구 연수동 벚꽃로 130-3,,37.41620897,126.6801185,월세,46.73,202209,"1,000",65,8,2011
744,,인천광역시 연수구 연수동 벚꽃로 130-4,,37.41646976,126.6792528,전세,87.86,202209,"22,500",0,10,2011
745,,인천광역시 연수구 연수동 벚꽃로 130-4,,37.41646976,126.6792528,전세,47.47,202209,"10,500",0,10,2011
746,,인천광역시 연수구 연수동 먼우금로 218,,37.41647766,126.6776655,월세,40.73,202210,"1,000",60,6,2011
747,,인천광역시 연수구 연수동 먼우금로188번길 12,,37.41341039,126.6765063,월세,23.46,202210,300,35,6,2002
748,,인천광역시 연수구 연수동 먼우금로222번길 41,,37.41590542,126.6796296,전세,10.66,202209,"2,300",0,9,2002
749,,인천광역시 연수구 연수동 먼우금로222번길 41,,37.41590542,126.6796296,월세,10.66,202210,200,20,7,2002
750,,인천광역시 연수구 연수동 먼우금로222번길 41,,37.41590542,126.6796296,전세,16.39,202212,"5,000",0,6,2002
751,,인천광역시 연수구 옥련동 독배로82번길 27-3,,37.42782997,126.6468539,월세,24.96,202210,50,33,5,2002
752,,인천광역시 연수구 옥련동 독배로90번길 42-10,,37.42788214,126.6474632,월세,35.04,202210,500,40,5,2002
753,,인천광역시 연수구 옥련동 능허대로179번길 27,,37.41991283,126.65053,전세,57.6,202211,"13,000",0,4,2014
